"","10351133","10433114","10435147","10441301","10452238","10512131","10515110","10523117","10527212","10543319"
"建築構造(一)",NA,NA,-0.000585755809496412,0.00259413788683527,NA,0.00162318854678581,-0.000861076498343752,0.000739140325717968,0.000965624401648519,0.00388947067852782
"建築設計 (五)",NA,NA,-0.000679309996951926,0.00190887684188531,NA,0.00100143118294643,-0.000777968042990342,0.00115197283314095,0.000918734224543211,0.00446090673656154
"台灣政治與民主",NA,NA,0.0987261043401816,-0.00919789301956521,NA,0.134439993328072,0.00551473532213174,0.0889397749069229,0.048380002406197,0.146469719217319
"區域文明史",NA,NA,0.20222847792622,-0.00043185468930143,NA,0.00416564466407073,0.00477294475010946,-0.00573407159078101,0.0470564762754893,-0.00251908020849595
"自然科學導論",NA,NA,0.197708673351387,0.00574219963881504,NA,-0.0116323141452682,0.00152874961748861,-0.00241114829105409,0.00174113334052104,0.0111200258499546
"建築細部概論",NA,NA,0.000976856914174301,0.0012963818392765,NA,4.30204558661032e-05,0.000792963439333142,0.00112000676596408,0.000667718303415891,0.000326733492200902
"空間.建築與都市",NA,NA,0.000642009086902814,0.00112087068121702,NA,0.00050392309018617,0.000440277712167907,0.00362010922723223,0.000737982666300455,0.00337157550609866
"西方近代建築史概論",NA,NA,0.0013597238896723,0.00236959486515442,NA,0.00191738528846049,0.000737719418847522,0.00242565593774959,0.000771186269215777,0.000538862107535243
"台灣傳統建築",NA,NA,0.000854057183756846,0.00144192499820738,NA,0.000791402015422501,0.0005380890144094,0.00357719394575978,0.000743003104741163,0.00282426438146155
"哲學與生活",NA,NA,-0.00093081452774736,-0.0098097646649598,NA,0.120052312266869,-0.000161513796405787,-0.000107589468855842,-0.000767633469655913,0.122009631086337
"設計繪畫三B",NA,NA,0.000663510276993906,0.000562990008264351,NA,0.000644392286130334,0.0006325222815884,0.000804426048530408,0.000683256238942287,0.000638264494949909
"整合行銷與設計一A",NA,NA,0.000232935525491576,0.00023677521323283,NA,0.000360062885400093,0.000656169616744956,0.000695410735980603,0.000546401212877494,0.000865462650864513
"文化思想史",NA,NA,0.210579568990461,0.0764781469167473,NA,0.00611263717102437,0.00302329456704352,-0.00549521604006271,0.00128442719099368,-0.0113486888389781
"游泳(男)一",NA,NA,-0.000601883548132557,0.00500839958344433,NA,0.00493757663934279,0.128672391237679,-0.00471471936409794,0.0362332021321307,-0.0152609745429348
"商業包裝設計基礎",NA,NA,0.000262863718250721,0.000686923568989997,NA,0.00136005004733401,0.000893713263572017,0.000578538090997192,0.000588112239441556,-0.00266900081567729
"美學一",NA,NA,0.00028556132845297,0.000276645910403334,NA,0.00039481425660049,0.000653279386892513,0.000708734829736704,0.000563127938285435,0.000837693987363848
"民間藝術探源與賞析",NA,NA,0.000263343322761388,0.000662719460651599,NA,0.00130403203368894,0.000879940526090742,0.000585811820594189,0.000586414185685331,-0.00246703138608507
"語言與邏輯",NA,NA,0.000663510276993906,0.000562990008264351,NA,0.000644392286130334,0.0006325222815884,0.000804426048530408,0.000683256238942287,0.000638264494949909
"商業空間設計",NA,NA,0.000194662214246912,0.000207778342563342,NA,0.00033478916089085,0.000658271602092204,0.000685720485976235,0.000534236321671749,0.000885658042501368
"宗教哲學",NA,NA,-0.00618284066629111,0.0750473698415946,NA,0.126788517517058,0.00539603876090897,0.108394236936908,0.0357729510346298,-0.00337608553352993
"文學經典閱讀",NA,NA,0.000366486621849138,0.00408483520752954,NA,-0.00444950199969885,0.0936190538075335,0.000222505557775127,0.000900656109399042,0.000709397140935737
"籃球(男)二",NA,NA,0.000164407909889254,-0.00465869628023034,NA,0.0178020396925572,0.00114100939124801,0.085360598198,0.0122438755044451,-0.00480193349096798
"景觀設計(三)",NA,NA,0.00245012487219117,0.00256617328213945,NA,-0.00122034649178335,0.000392688412719939,0.00241313675108121,0.000636314845271478,-0.00190923462372922
"景觀史",NA,NA,0.00215754251313646,0.00241982163705543,NA,-0.000948532346340944,0.00038326094103285,0.00224433203957246,0.000629768508535607,-0.00164043526245835
"共生生態學",NA,NA,0.571675203514741,0.00257111302951897,NA,0.00194145146938023,-0.00210116758276022,-0.000348537822121582,0.000541457984722015,-0.000455026069302735
"景觀工程(二)",NA,NA,0.519522726343916,0.00210082610645353,NA,-0.000556826585914819,-0.000223749090484684,0.00115619005667829,0.00061478622272417,-0.00245394654748538
"城鄉規劃與都市設計",NA,NA,0.553494506878957,0.00195291574299598,NA,0.000391484696864924,-0.000607439133280427,0.000489574156901187,0.000546402501096519,0.00110337711622996
"創意生活文化地景",NA,NA,0.589425423778516,0.00224303270331075,NA,0.000604365456513406,-0.00108999065000664,4.59970910273392e-05,0.000543756928150543,-0.00102678813105619
"景觀實務實習",NA,NA,0.382044441383953,0.00802958970828647,NA,0.00139158826580567,-0.00506646993076663,0.00274145222218903,0.000365470203037469,-0.0162389746492954
"實用英文（一）",NA,NA,0.00240249022212675,-0.00133623633352975,NA,-0.00217713484024342,0.00441346737119992,0.00245952559699252,0.00741450073681298,-0.00913067437745673
"風水環境學",NA,NA,0.186229819264024,-0.00109926947479563,NA,-0.00192928072183493,0.00110812930004709,-0.00200317167706258,0.000650975923007024,0.0157611800028663
"價值判斷與分析",NA,NA,0.0949594879329128,0.00735660987657733,NA,0.00630453963921087,0.00405396807270696,-0.000811407971968573,0.0586259757925276,0.0031377713606048
"景觀工程實習(二)",NA,NA,0.519522726343916,0.00210082610645353,NA,-0.000556826585914819,-0.000223749090484684,0.00115619005667829,0.00061478622272417,-0.00245394654748538
"實用英文(三)",NA,NA,0.00103140273269625,0.443265811276732,NA,0.00614855501268904,-0.00182780862776854,0.000598771297756502,0.000507661732131198,0.527608750680726
"國際企業管理",NA,NA,-0.00106434027098018,0.00067188279931068,NA,0.00316409913899304,0.00110828342357288,0.000749024586073785,0.000727483445450382,-0.00187771854498838
"高爾夫(男.女)二",NA,NA,-0.000260870967624248,-0.00173957841597473,NA,-0.00547945786889421,-0.00285090983955767,0.0016543775760119,0.00119432767545522,-0.00551670225541404
"貨幣銀行學(一)",NA,NA,-0.00128281319756537,0.00188510381024073,NA,0.000656790719543423,0.00201891557449682,0.00114453305667253,0.00158015461985673,-0.00674593036430963
"國際貿易實務",NA,NA,-0.00184654372028096,-0.000169797100719978,NA,0.0068258842336948,0.00166993720259879,-0.000241598668245357,0.000469047477932938,0.00361235254788016
"證券市場分析(一)",NA,NA,0.00155106805369246,0.00431245475494339,NA,0.00164967018718853,-0.000289864705666442,0.000499058835878872,0.000998132093985182,-0.00301309172513623
"刑事訴訟法",NA,NA,0.00092342542686918,0.00186578689946943,NA,0.00101538780096929,-2.64213112289226e-05,-0.000176525417806651,0.00119216942661259,-0.0065622679870506
"保險法",NA,NA,0.00146576408247339,0.00296115305465106,NA,-0.000842044880911227,-0.00372052578451056,0.000889277507492397,0.0013475231569527,-0.00213164032777323
"民法債篇各論",NA,NA,0.00262292544884375,0.00429744555756577,NA,-0.00291510741516191,0.00174958259620628,0.00180841769850299,0.00118264706066927,-0.00820891008191139
"商事法總論及公司法",NA,NA,0.000355710603341966,-0.00100239810418519,NA,0.000434388259149485,-0.00638655769884077,-0.000424329954839596,0.00151865702567864,-0.0108817568689961
"爵士舞(男.女)一",NA,NA,-0.00095475190612386,0.00655608949572913,NA,-0.00202197493593559,0.00487818072694411,0.000844499144752248,0.00127900400428188,-0.0275927482101342
"法院組織法",NA,NA,0.000862498434554905,-0.00155010878361784,NA,0.00147014232730193,0.0050288560321089,1.76800698212823e-05,0.000563697146273169,-0.00841837068096481
"海商法",NA,NA,0.00242015512291432,-0.00164957163211524,NA,-0.00435556764601208,0.00754512062411472,0.00193671358161319,-0.00042125288521791,0.0174020029348127
"行政程序法",NA,NA,-0.000546434963218366,-0.00899692960417855,NA,0.00288545846957915,0.00701164764440639,-0.00363135855890039,0.000925923184375138,-0.00958907670211037
"生命教育概論",NA,NA,0.000400416879039407,0.00672872676859743,NA,-0.00661707420811254,0.000569094014656425,-8.89780630906121e-06,0.00088439824625278,0.000723704131959991
"創業標竿講座",NA,NA,0.000618888542366157,0.00620164532115303,NA,0.00043232508637321,-0.0109438994044039,0.00626255189030343,0.0150654325520296,-0.00626317604953164
"行政法",NA,NA,0.00182276943402476,0.0112126937103716,NA,0.0046348464576208,-0.00584065181471077,-0.00084936488267766,0.00177186617233767,0.000152540033923243
"票據法",NA,NA,-0.000682089686601681,0.00402539300891579,NA,-1.96251823670187e-05,-0.000388701522563203,0.000218769234669874,0.000655639448449823,0.00588737365592128
"財政學",NA,NA,-0.00361529765264791,-0.00317748503835298,NA,0.00332576631211509,-0.00119315443240008,-0.000574577900851673,0.000559832643293961,0.0073867835096781
"國際法導論",NA,NA,0.00298647638522513,0.00109172155198319,NA,0.00382553332238292,0.00169975220450209,0.00237695117145657,0.00116831389534093,-0.00039163392176532
"銀行法",NA,NA,0.00331005380826272,0.000935211241430565,NA,0.00427211911635136,0.00178846677816524,0.00268674169732039,0.00118387216430372,-0.000559239416018149
"生命倫理學",NA,NA,0.00133157703989656,0.00418588526510829,NA,0.00151162425998238,0.00184777677064455,-0.000110351755453741,0.00160710977291621,0.000707128431108842
"羽球(男.女)二",NA,NA,0.00283184900310036,0.0548084680511368,NA,0.00746697180183472,-0.000527608221975579,0.00256279186649231,0.0402907733244582,-0.000263872709640922
"生命科學概論",NA,NA,0.00212246567374667,-0.00199641321580718,NA,0.00267876777922798,0.000543071923008084,0.00292990313187465,0.000334421809778846,-0.00031333800348156
"創業計畫與表達",NA,NA,0.00238872237835249,-0.00246570000211376,NA,0.00305068061877644,0.000526741797158001,0.00331885320831427,0.000270272295309355,-0.000487112862188597
"親師合作與家庭支援",NA,NA,0.00125013089363046,-0.00153328401890328,NA,0.000535755411416832,0.000925402015486348,0.000807619494991081,0.000483345531267873,0.00288389944869437
"身心障礙學生教材教法",NA,NA,0.000244524390748038,0.00102751332699154,NA,0.000118684008303085,0.000839212324004612,5.22109147338091e-05,0.000660261192376212,0.000594155571481081
"特殊教育實習",NA,NA,0.000186219345922633,0.00107322820560178,NA,6.00327902012549e-05,0.000780525110056322,-2.15167811077417e-05,0.000653686420198745,6.27720422534813e-05
"自閉症學生教學策略",NA,NA,0.000308780970675505,0.000894713029847476,NA,9.00904797300892e-05,0.00096731879599432,0.00010350594560506,0.000662846600860626,0.000733741990486599
"生理心理學",NA,NA,0.00114377369259361,-0.00114943158006433,NA,0.000556191255876096,0.0008718168305925,0.000807257163716119,0.000520166310023543,0.00247294558395368
"心理實驗法(上)",NA,NA,0.00209754322774507,7.48773813747402e-05,NA,9.68062618594265e-05,0.00045117712410978,0.00225483362797218,0.000887412196957721,0.00433251105297934
"心理實驗法實驗(上)",NA,NA,0.00216233188603453,0.000568303466184031,NA,4.13251714870196e-05,0.000343376962969257,0.00248014430240492,0.000973674385353764,0.00429832233431536
"心理測驗(上)",NA,NA,0.00182572045252823,0.00011172332907531,NA,0.00283431760093658,0.00273082611559553,0.000743358534722662,0.000282080587815169,0.00222288769103098
"輔導原理與實務",NA,NA,0.000297870574511057,0.0011127200526768,NA,-0.00142367124526588,-0.000141861564650058,0.000923840871747309,0.000543166579600267,-0.00370767447890857
"發展心理學",NA,NA,0.00176188680149326,0.000980665801093288,NA,0.00349848082493195,0.00316138752496731,0.00062122142639318,0.000253170787598896,0.00135166730306001
"生活社會學",NA,NA,0.000281050663547483,0.00447674533785622,NA,0.00623730392995804,-0.000148069605742078,0.00527899316449425,0.0393873404273293,0.000677408280560582
"人生哲學",NA,NA,0.315828652254462,-0.00166327024725445,NA,0.134911729569448,0.00574138203024487,0.0935527774993844,0.11392388421196,0.138614990596426
"籃球(男)一",NA,NA,0.103466886397009,0.000308667596654352,NA,0.00580294142507792,-0.00218527315565414,-0.0059544267148582,0.0279825379535298,-0.00598564592249222
"代數學(一)",NA,NA,0.000155972232923819,0.00328839075129751,NA,0.000226488792488299,0.000609353497396532,-0.00060004484814421,0.000434373260754088,0.00304904736731488
"微分方程(一)",NA,NA,0.000722024660664074,0.000107969398528184,NA,-0.00292857707761411,-0.00267855429378033,0.0020796072809385,0.000914927953708763,0.00114865806300906
"趣味數學",NA,NA,0.000840791599613273,0.00221581515004113,NA,-0.000699309930556223,-0.00191955426509708,0.00260610126748493,0.000928232050571432,0.00485629660112274
"數學英文",NA,NA,0.000492852024848746,0.00554905339868059,NA,-0.00419562085104246,-0.000445351830760423,0.00238647734804099,0.00129784635803478,0.00492051856353672
"抽樣方法",NA,NA,-0.000298691689167518,0.00496343279012066,NA,-0.00130689552102841,0.00100426744661088,-0.000726908766976454,0.00038029373600661,0.00385507974173385
"高等機率論",NA,NA,0.00102678637172092,0.000911419175223674,NA,0.00104098643773783,-0.000687165231019844,0.00131469923477537,0.00088614973480407,0.00273711965325236
"離散數學",NA,NA,0.00129280752474605,0.000268792344138717,NA,-0.00351822975265268,-0.0018988516842303,0.00351067669980054,0.00146275447159563,0.000402143470734044
"專題研究(一)",NA,NA,0.00314480060545263,0.228727003376344,NA,0.011474573694245,0.00278585797777409,0.0067661964623982,0.136143486008196,0.000217347882236066
"網球(女)一",NA,NA,0.00485809285655632,-0.00371516724770117,NA,0.00066704533186802,0.00198635889609489,-0.00099801951811606,-0.000622625444497093,-0.0208215515417598
"臺灣鄉土小說選讀",NA,NA,0.000458573243281191,0.00924123586502323,NA,0.0018434501778118,0.00933378934192847,-0.00596093990721039,0.0250327987652769,-0.00115670263233982
"幾何學",NA,NA,-0.000700104203039528,0.00415505170721985,NA,-0.000139633343546168,0.00356260829832369,-0.00294562452282461,1.78683125863301e-05,0.000417672417276123
"生涯輔導",NA,NA,-8.62168900374813e-05,0.00017819800163692,NA,0.00343641874775516,0.00153509616510264,-0.00198062876440275,-0.000210150636048677,0.000398491140326384
"教學原理",NA,NA,-0.000155711354729016,0.00014242278705501,NA,0.00369328809936603,0.00161825217065234,-0.00223725853623543,-0.000292578167690036,0.000376639265133194
"教育心理學",NA,NA,0.000310023585309855,0.00052705659238144,NA,0.00330974865131213,0.00324037548969573,-0.000487891874118757,-0.000198414143313149,0.00118207667789879
"有氧舞蹈 (男.女)一",NA,NA,0.0016575896826042,-0.000944774880115114,NA,-0.00698466674321219,-0.00241255087870398,-0.00653232182382268,0.0151310364938631,0.0038488445733794
"布袋戲與台灣文化",NA,NA,0.00306214288997126,0.00768684848940414,NA,0.153718315158189,-0.00122219381529358,-0.00551640770954866,0.00233987356850753,0.00141507990389172
"作業系統",NA,NA,0.000320354866134921,0.00389985286573752,NA,-0.00284875941879232,0.00210646196775665,0.000586013410336991,0.00105439115780634,0.000699962033409293
"行政學與公共管理",NA,NA,0.00307077928621023,0.0010474546954815,NA,-0.00867269483606344,-0.0076832764944954,0.00937266480545207,0.0145963074379445,-0.0110675917749919
"創業模擬經營實務",NA,NA,0.00165693855680758,-0.00389521183445273,NA,-0.00428227028515752,-0.00375506551287684,0.00521169750541696,0.00159421071169447,-0.00235623185427219
"迴歸分析",NA,NA,0.00149599649142724,-0.0031688679935026,NA,-0.0034797411570654,-0.00304084980766571,0.00449443189542966,0.00144616333891629,-0.00186916665713556
"線性代數（三）",NA,NA,0.000239397027058813,-0.00126905149184722,NA,0.0043613333534666,0.0032288745025235,-0.00133157758990385,-0.000157042698948974,-0.00278078522154367
"計算機概論(一)",NA,NA,0.00209204351897438,0.00472048074726961,NA,-0.000660658845258179,0.000671984495870751,0.00670828744012711,0.0114589352637681,-0.011808017265034
"生命與品格典範",NA,NA,0.0682159974784285,0.164401939337972,NA,0.136530452887521,-0.00482324027431114,-0.00110046563290815,0.0617576499844022,-0.0140784928411789
"日本國情與文化",NA,NA,0.000575437375890322,-0.000916787709625531,NA,-0.0022714206186173,0.00191355564676893,-0.00711323338309954,0.0117713765621926,-0.00325794494250719
"高爾夫(男.女)一",NA,NA,0.159420621335005,0.00313313254660675,NA,-0.0016693718327401,-0.00137094497410739,0.00196685418871216,0.013669937506729,-0.00808196700989452
"經濟學(一)",NA,NA,0.0011722748604678,0.0474158524928751,NA,0.00359705565007035,-0.000556774986535541,0.0013687358146324,0.000594601287803337,0.00214534070081728
"商事法",NA,NA,-0.000199572830473987,0.227785249993618,NA,0.00492414766064737,0.00275645207003199,0.00191298360736122,0.000704818681418978,0.00257353704302667
"資訊管理",NA,NA,-0.00123107787815567,0.23996819091997,NA,0.00350662104248087,0.00116082500870014,0.00478174549113165,0.00158441833289239,-0.00796438737100972
"科技管理",NA,NA,0.000839314145251426,0.188155705118227,NA,0.00173896357343051,0.000258511468094472,0.00214096933417781,0.00145596164931367,0.00646982002944146
"科技管理導論",NA,NA,0.0041063972631317,0.0731349752627901,NA,0.00215399405987584,-0.0071060942997652,-0.000580511076987974,0.00110705597822174,0.0098354687714533
"羽球(男.女)一",NA,NA,-0.0022584355958981,0.0742417717662504,NA,0.125132045626267,-0.00038344433924166,0.0960621370538441,0.0789396471253633,0.282082037847712
"近代物理實驗",NA,NA,0.00103921531434191,0.000445160008669924,NA,0.483972480490077,0.00135605098013828,0.00223627563489852,0.000864179113809889,0.000987710771520059
"熱物理學",NA,NA,0.000873576286827467,0.000749532176603497,NA,0.471151342965002,0.00186433643774695,0.0017770503844555,0.000516389450755984,0.000158355722120547
"量子物理(一)",NA,NA,0.00103068742341434,-0.000569795936118627,NA,0.479517075268475,0.00311431611149643,0.000971158815995854,0.000709320806036122,0.00220304581155795
"臺灣與世界",NA,NA,0.00106465613844591,-0.000964119627955632,NA,0.136759531792407,0.00235950985748111,0.0063095896889276,0.000267923565803456,0.00211605576842196
"溝通與口語創意表達",NA,NA,0.0882788423219932,-0.00302180752292012,NA,0.128279298784873,-0.00188517644453775,0.0028323881724632,-0.000297407560278931,-0.00361675327508087
"國防軍訓-國際情勢",NA,NA,0.0037166014948144,0.0031893206186183,NA,0.232379445772314,0.0108095171158979,0.00745536032999243,0.0147572343807507,0.0025905623021098
"光電與材料專題（二）",NA,NA,0.00106465613844591,-0.000964119627955632,NA,0.136759531792407,0.00235950985748111,0.0063095896889276,0.000267923565803456,0.00211605576842196
"數據科學導論",NA,NA,0.00119721135562236,-0.00415357912455315,NA,0.146584892458227,0.00613217778795769,-0.00203693884185675,9.64106563609189e-05,0.00288882019422118
"高等物理數學(一)",NA,NA,0.000295602329766042,0.000163869378943136,NA,0.254891132433413,-0.000722132550352712,-0.00114910686182617,0.000520837086351675,-0.00126995039563158
"廣義相對論",NA,NA,0.000146155854809436,0.00022016042294532,NA,0.22454542158989,-0.000179637345795341,-0.000761560093613971,0.000571236164216791,-0.00117042806170171
"通信原理",NA,NA,0.00295093580976286,0.000864297390529848,NA,0.108247556255868,-0.00176057899942032,-0.00213939033834959,0.000269757455398181,-0.000109665090292054
"控制工程",NA,NA,0.00249285198666502,0.00047999050380218,NA,0.0905134707792409,-0.00115199499730205,-0.000463793846313656,0.000255949738701745,0.000813779303950852
"電路學(二)",NA,NA,0.00245330292322527,0.00264358861798816,NA,0.113948925251363,-0.00206335697452248,-0.00490384275711762,0.000120622010674911,0.00696262804277212
"歌唱技巧入門",NA,NA,-0.00068529411010713,0.00241828861311319,NA,0.127882545699832,-0.00474225593170808,0.00515071185588621,0.00159903987650396,0.00129436884181056
"物理專題(二)",NA,NA,-0.000988390686399167,0.00748329480944515,NA,0.225793758523966,-0.00504556065271707,0.000393975441888059,0.00164635714004935,-0.00479916444532822
"田徑(男.女) 一",NA,NA,0.0941494654704536,0.143331429850347,NA,0.146738667308814,-0.00254994194713077,0.0976600851851023,0.000687367611058017,0.0070805909352114
"網球一",NA,NA,0.000492298166875075,0.00586663445714778,NA,0.00102900593757727,0.121065725299181,0.179491899654344,0.0794305771012417,-0.00325119666083938
"基礎熱力學與統計物理",NA,NA,0.000852241224157717,-0.000505076300180256,NA,0.0046120872492527,0.00164503569046052,0.00166791712502227,0.000896929688441186,0.00288449767197906
"光學",NA,NA,0.000616856435524849,0.00176129399961513,NA,-0.000519390322563438,-0.000706135434726138,0.000933326308255818,0.000689407461544899,0.00127732635561152
"音樂與情緒管理",NA,NA,-0.000924890753480626,-0.0014346733038864,NA,0.0113827646989754,0.00322802831341983,0.00194556806861559,0.000826277960052034,0.00496103849304255
"哲學概論",NA,NA,-0.00155760605749861,-0.0116118674382709,NA,0.00998825305755092,0.00087127057163572,-0.00410873806006137,0.00093747862495778,0.148980319793766
"國防軍訓-國防政策",NA,NA,0.000193847086171522,-0.00171855739516823,NA,0.0101577807523867,0.00606532934952141,0.00425435326969808,0.0155904638816861,0.00421635882590795
"基礎力學",NA,NA,0.00290709069642185,-0.00113443555517055,NA,-0.00244874027627352,0.00179524828355234,0.000841015639247053,0.000898104296664511,-0.00134571781179932
"認識星空",NA,NA,0.00705158820085003,-0.0025005755801753,NA,-0.00868574597419895,-8.06479444191988e-05,-0.00665027651931391,0.0163205835133386,-0.00523842899475515
"電子儀器與光電檢測",NA,NA,0.00202972459628471,-0.000467807784957207,NA,-0.00123532863355652,0.001339482422014,0.000827151166618444,0.000814503000133105,-0.000569200533406861
"物理化學(一)",NA,NA,0.000911524295854442,0.00194698517247971,NA,0.000601230332404079,-0.00333226287500527,-0.000295635306464781,0.000479367475073922,0.00788852696595668
"儀器分析(一)",NA,NA,0.000344798096132416,-0.000275235823540665,NA,-0.000640708475868664,0.000505661885855818,0.00135716223595611,0.000655585955206413,0.00432003383085474
"儀器分析實驗(一)",NA,NA,0.000305007871636196,0.000565815048266859,NA,0.00153416095781756,0.000132816390056633,0.000841077597183665,0.000739311596602942,-0.00129870638702332
"物理化學實驗(一)",NA,NA,0.000275721843079341,2.50622719131982e-05,NA,0.00300009645241213,-0.000718797220836669,0.000297877809504375,0.0007300215607984,-0.00305392425221747
"無機化學(一)",NA,NA,0.000854749029754358,0.00378224313025555,NA,-0.000202375429794906,-0.00403069193681494,0.000659756295291138,0.000551304789783554,0.00538366641677681
"壘球(男)一",NA,NA,0.00203659281924936,0.00436939018435282,NA,-0.00364130825851347,-0.00319609846281447,-0.000414573894114569,0.0216730761549866,-0.00310616461320746
"化學英文",NA,NA,0.000164953806671915,0.00489122001256469,NA,0.000568389380252789,-0.000367835601325264,0.00173585035827832,0.000808962851425785,0.0016577409962989
"專題研究(F)",NA,NA,0.000853701072963542,-0.00788547381139982,NA,-0.0207703320452108,0.00135526680707264,0.00382194216694195,0.000520876783069643,0.0205823262626454
"科學與倫理",NA,NA,0.00173866767123009,0.00673170085340615,NA,-0.000204441056659265,0.375474059487208,0.00567452477842671,0.000181046109779444,0.0100001581445951
"分析化學(一)",NA,NA,-0.000222354072478,-0.00570108055946078,NA,-0.00161174857930301,0.0055513364686855,0.00181498645209914,0.000820599777777086,0.00151003243462742
"法律與現代生活",NA,NA,0.0466134784891492,0.0105837307911135,NA,0.0208786868038469,0.00342382700192494,0.0130993145042458,0.0376384046326226,0.00833812759739397
"體育特別班心肌組",NA,NA,-0.000423590294543888,0.0144662172410366,NA,-0.00287784574705097,0.0101157866691476,0.0019897879972145,0.00152900986652815,0.0123125010315281
"微積分(上)",NA,NA,-0.00201746375455716,-0.00814041286691627,NA,-0.00832124096634571,0.0949933383332369,0.00389422354958396,0.00112055920591184,0.00599869163724742
"人體生理學(一)",NA,NA,0.00168732717892837,0.000262420553334234,NA,0.00100514170734919,0.415089959863138,0.00204570408892126,0.00040075389629222,0.000695109028268
"人體生理學實驗(一)",NA,NA,0.000528010111988253,0.000219159880448591,NA,-0.00105489125365736,0.467772010335921,0.000484437202036383,0.000402465445926101,0.00268360807747926
"分子生物學（一）",NA,NA,0.000567022852991492,0.00187676818388739,NA,0.000240029809401506,0.489686534129485,0.00114018245607863,0.000600603040759757,0.00101205273579991
"普通化學",NA,NA,-0.00221766952219145,-0.00312263759619831,NA,-0.00783981938932727,0.085806644744016,-0.00564394139143243,0.00069040978283745,-0.00342268513025416
"基本研究方法",NA,NA,0.000409301881880045,-0.0053534196404468,NA,0.000843149708361223,0.16311141882873,-0.00206098141191089,0.0012070728904759,-0.00232266421326085
"應用微生物學",NA,NA,-0.000722498827633454,-8.25422549238004e-05,NA,-0.00299249472937863,0.379496337141625,-0.00398023696624726,0.00075869863351194,0.00503465690156948
"食品化學",NA,NA,0.000702141738339804,0.000490325713541908,NA,-9.68051011092421e-05,0.40038517509119,0.000919168885977432,0.000523267036212818,0.00139322788628149
"宗教音樂賞析",NA,NA,0.00113112522258823,0.00140347923071024,NA,0.00288721708679269,0.125739293954243,-0.00529462661878249,0.0135059363449127,0.00605843637215458
"化工綠能製程(一)",NA,NA,0.000442528355003063,-0.00351482690250164,NA,0.00167734302403963,0.00656545627184385,-0.00114555675843998,0.00128116919487309,0.0166465792104694
"單元操作與輸送現象三",NA,NA,-1.46754752697424e-05,0.00118809357797731,NA,0.00233490222655775,0.00402802665828397,-0.00118933764665178,0.000988873455533722,-0.00804437200680877
"化工熱力學",NA,NA,0.000744921111864786,-0.00332586204625848,NA,0.00631986327144997,0.00533675916223221,0.00015721721830133,0.00117589489192399,-0.0032813085497155
"計算機程式語言",NA,NA,-0.000175351452957012,0.00257881646679173,NA,0.00110373877120568,0.00322939608696187,-0.00139606543739921,0.000956073452236086,-0.00574589042321398
"物理化學實驗",NA,NA,0.000389125191850097,-0.000819488574768865,NA,0.000373317228464702,0.00173984804399588,0.00317565808613127,0.000584738950359957,-0.00385686420064528
"再生能源與儲存技術",NA,NA,0.00205475533801457,-0.0010893068477962,NA,-0.00494672987749623,0.00270809553529145,-0.00260655822536777,-0.000309880475156638,0.00731519790578619
"化學工業程序",NA,NA,0.000473100845801537,-0.00296213169672251,NA,0.00153789208872198,0.00576200254684897,-0.000881332558993421,0.00120040773155131,0.0144784447436656
"音樂劇賞析",NA,NA,0.000935972513644898,0.00160583422744076,NA,0.00465043760128001,0.00442194891524472,-0.00541789581168912,0.0121179665011114,-0.00973256042639732
"單元操作與輸送現象二",NA,NA,0.000868902912511651,-0.00202563273039885,NA,0.000502872777933587,7.80593419347083e-05,0.00412607524405731,0.000601633662487495,0.00505062775859608
"化學反應工程",NA,NA,0.000960518861208637,0.00330292726716178,NA,-0.0040740175345679,-0.00196897016427958,0.00108715482687479,-4.02655027140727e-05,0.000609233847702017
"材料工程(一)",NA,NA,0.000969522783130922,0.000765236856547631,NA,0.00481359012543372,-0.00125807002296413,0.00415291870490793,0.000670122376816734,-0.0013922225880887
"桌球(女)一",NA,NA,0.105583089412531,0.00289411324013383,NA,0.00305897943681402,0.109145840519727,-0.00588920719925753,0.00911375557768838,0.0113122829882103
"工程數學(二)",NA,NA,0.00190928926608664,-0.0029001667045824,NA,0.00124069565614733,-0.00105763503432094,0.00312782015698707,-0.000202824244890607,0.00513180076906251
"薄膜科學",NA,NA,0.00195801967807754,0.00363052146240957,NA,0.00322848476750166,-0.00153011792248635,-0.000714501341619456,0.000151758763204807,0.00284284349896047
"中醫與保健",NA,NA,0.00543157944995829,0.000309870118664237,NA,-0.00167504435865059,-0.00185291653464131,-0.00174949684984339,3.27516716808857e-05,0.00858564379828748
"楚漢相爭之職場競爭力",NA,NA,0.00142224040321459,-0.00756516193688636,NA,0.00238164184345288,-0.00728545878737178,0.00192666179063713,0.000804693813158435,0.0279786354028237
"環境管理",NA,NA,0.000885858180960889,0.000580652829667213,NA,0.00412682988845741,-9.6562678592791e-05,0.00171267264393844,0.000625055596436761,-0.0136668115102226
"優質網路生活",NA,NA,0.000318279342244053,0.00238925647873884,NA,0.00288113557084428,-0.00311509509806873,0.000329899536376085,0.000473438731374911,-0.0083556389522351
"運輸工程學",NA,NA,0.00100610750240056,-0.00225237428447842,NA,0.00183472719098532,0.000337276706801364,0.000178664671918093,0.000543282545910369,-0.000112899592204721
"鋼筋混凝土學",NA,NA,0.00286857296862428,0.000753228658326431,NA,-0.000372626922682767,0.00792395802346297,0.00176138759400016,0.000859486873991064,-0.000212596574889335
"流體力學實驗B",NA,NA,-0.000121625565924414,0.00460176658342216,NA,0.00322778855532412,0.000589582088781284,0.000502826156248422,0.000760908188936956,-6.88838722639887e-05
"結構學(一)",NA,NA,0.00111564761590269,-0.00160035739271685,NA,0.00187601817739704,0.00103400902993087,1.94185264745969e-05,0.000593453218448225,0.000131615398573007
"經濟學的世界",NA,NA,0.00199700242963062,-0.00250981618718188,NA,0.00370303121681367,0.00282676186850563,-0.00807601654812413,0.0124047907133961,0.00856619569415333
"基礎工程",NA,NA,0.00155475500812409,-0.00291519890550963,NA,0.00319099856938664,0.00128298615552784,0.000517658144887459,0.000247351912750244,0.00325115424216815
"流體力學(二)",NA,NA,0.000367021276137469,0.00107560565142745,NA,0.00685853474414785,-0.000343254930596145,0.00190059258885976,0.000186583494480432,0.00362947592574224
"土木工程競賽專題",NA,NA,0.00060995389672002,0.00201528477671756,NA,0.00349543037730099,0.000800715138404904,9.9947953123594e-06,0.000370489317228587,0.00420060838116309
"愛情關係管理",NA,NA,0.0932808717766918,-0.00674192607536434,NA,-0.00862796790939859,-0.000576059099460938,0.00712071615185265,0.0141657910448837,-0.0105196420936996
"環境與幸福生活",NA,NA,-0.00224265510119476,-0.00574347858433223,NA,0.00484134483565407,0.00488718753487186,0.000448351231041736,0.00077594390395594,-0.00282310111223791
"流體力學",NA,NA,0.000647547525070081,-0.00293961754450052,NA,0.00228403192964352,-0.00490930114844211,0.468781984712687,0.00110014093666744,-0.0044655704416607
"工程數學(一)",NA,NA,0.002147931039601,-0.00596365805278623,NA,0.00578672729202385,0.0121973295284884,0.0696911841162311,0.00736640238235851,-0.0032451606027204
"自動控制",NA,NA,0.00205275333359334,8.93418493134913e-05,NA,0.00201905266534204,0.00657555198516529,0.258059480973443,0.000923782299399147,0.00202092792283275
"鍵盤樂",NA,NA,-0.000522128426891123,-0.000792286051807422,NA,0.00987648839330855,0.00521085289277933,0.0890957212802107,0.00102176940489047,0.00431358382956408
"應用電子學",NA,NA,0.000380919503426383,-0.00178093514793262,NA,0.00130586526530719,-0.00046111882548834,0.438199402950504,0.000780754086830727,-0.00227611199795657
"機械設計(一)",NA,NA,0.00114440039156297,0.00112497878156382,NA,0.00123522857916441,0.00115497794434823,0.47234225171144,0.000801203239981687,0.00506191162405392
"機械工程實驗(一)",NA,NA,0.000393005385260944,0.00111531235840489,NA,0.000869016346191038,-0.00245905309312978,0.645691900732673,0.000649605754386142,0.00431420850039514
"機率與統計(一)",NA,NA,0.0041035991622433,0.00220073647714786,NA,0.000831145602059316,0.00427220591175581,0.00744254444796682,0.518480450714145,-7.00318269578426e-05
"邏輯設計實驗(一)",NA,NA,-0.00132872150879432,-0.00380107777689433,NA,-0.000603966927695234,0.00319320956936956,-0.00440204098110032,0.611908889220579,0.00457681503452523
"桌球(男)一",NA,NA,0.00191445846919399,-0.00456162324922517,NA,0.00934106387763591,-0.0151194820218608,-0.000854119341546591,0.014081483695466,-0.00968275182089105
"資料結構",NA,NA,0.00196231674773428,0.00453082626352083,NA,-0.00179780864542532,-0.00047731683554613,0.000672848780682632,1.08674748936968e-05,0.0028236937901436
"系統程式",NA,NA,0.00192212892476784,0.00721488131781196,NA,4.28210095606261e-05,-0.00536229979239134,0.00161233943442239,0.454593384247863,0.000707864187610652
"工程倫理",NA,NA,0.00192585313615037,0.00308540467943038,NA,-0.0064921186343281,-0.00669126435936475,-0.00135296198018319,0.539257474612437,0.0033189738451484
"未來資訊概論",NA,NA,0.000801446705850994,-0.00288708301957811,NA,-0.00910548829283189,-0.000198065668282095,0.0039635538510397,0.000674503126611993,0.004630593267146
"軟體工程",NA,NA,-0.0007711900128307,0.00108613758094337,NA,0.0104642149795031,-0.00106328877677726,-0.000147267138228987,0.221486028944022,0.015723902464943
"作業研究(上)",NA,NA,0.00242098969982502,0.000966481040830675,NA,-0.000503267072179005,0.00178370018152242,0.00218961726510122,0.0152768771586397,-0.000905619489712122
"生產計劃與管制",NA,NA,0.00303906061050464,-3.18012072703376e-06,NA,-4.86288761524454e-05,0.00199677020032272,0.00188591791744198,0.0135066661733887,0.000356937117244084
"生產計劃與管制實驗",NA,NA,0.00429314036290227,0.0025297909909451,NA,0.000732416632844865,0.000917690078753877,0.00145570852289417,0.014629379328365,-0.000139842038412854
"品質管制實驗",NA,NA,0.000655182544304536,0.0026492604150318,NA,0.00187542100033957,-0.00127703060248699,0.00167219280472095,0.00104137789146045,-0.00109043551595518
"普通物理(一)",NA,NA,0.00633986065367401,0.00484586234556965,NA,-0.00199730006475001,-0.00277900300371308,0.00155694490249911,0.0130115423186666,0.00545277580711418
"基督教信仰與婚姻觀",NA,NA,0.00696826544275316,0.00650670548216102,NA,0.00121725821717645,0.00757067441563107,-0.0017172885686894,0.00201749535931472,-0.00331755796313656
"品質管制",NA,NA,-0.00260099144773979,-0.00250241743490634,NA,-0.000520731650869914,0.00170243168097423,0.00275877520435521,0.00057073552125289,-0.000764063708269886
"浪漫時期音樂賞析",NA,NA,0.00015708321555156,-0.0106760287051086,NA,0.00184888213188858,0.00567292879934507,0.00379020724396763,0.000254585510053229,0.0042198322987638
"作業環境控制工程",NA,NA,-0.00202047027347039,-0.00957903899495756,NA,-0.00447089431052271,-0.000733162786990813,-0.000225311888121013,0.000268461068034472,0.00439649294091287
"工業安全管理應用統計",NA,NA,-0.00382607432601795,0.000902590249271473,NA,-0.00296212915381674,-0.00135693531942166,-0.000420027364523354,0.000714496296774234,-0.00217113488549015
"職場軟實力",NA,NA,0.094836164661898,0.00702825902137751,NA,7.94262150140674e-05,0.0117900455450208,0.00978805123738864,0.00127518260711943,0.0259147789763188
"生活中的預防醫學",NA,NA,0.00157816614999635,0.00237049215628334,NA,0.00394077613389453,0.00526557008852398,0.106893012301908,0.029880954503856,-0.00761854482896338
"微電腦應用",NA,NA,-0.00130832624020001,0.00919248403366363,NA,1.3081030754045e-05,-0.000815007422483805,0.00168616018649103,0.00139815934719014,-0.00169503086987995
"自動化概論",NA,NA,-0.00155828843188442,0.00965406659663301,NA,0.00141049654799125,-0.000202002710932605,0.000455097609166308,0.00107378256530649,-0.00544523796562787
"電子實驗(二)",NA,NA,0.000748519060601177,0.00164952401863939,NA,-3.33252300767195e-05,-0.000844839960466404,0.000678162268986804,0.000796406993144154,0.00245777226703731
"醫工講座",NA,NA,-0.00026291361410859,-0.000274210505782702,NA,-0.000290553891084647,0.00145797756547723,-0.000353943677352808,0.000712103139611833,-0.00012752203217165
"生理學實驗(一)",NA,NA,-0.000348121758459216,-0.00034652190303951,NA,-0.000491429076654984,0.00191778705895199,-0.000460730807460709,0.000703595320382468,-0.000499687011157583
"生理學(一)",NA,NA,-0.000162738003714406,-0.000718928897166376,NA,-4.20194993060872e-05,0.00196544335809087,-0.000714269836482652,0.000729146430865638,0.000599750632201014
"普通生物學",NA,NA,-0.000500268459015529,-0.00112687217783439,NA,0.00280451546953509,0.00355437888956933,0.00113432261575033,0.000585376211738013,0.00110887313314335
"飛盤",NA,NA,-0.000662568861781525,-0.00136207867713053,NA,0.00310409379840194,0.00396022880014567,0.00117997334991266,0.000571570567487323,0.00117458605844168
"電子學(二)",NA,NA,-0.000291714660784079,0.00117630322973034,NA,0.000946678458390396,-0.000317540152171336,0.00126088307278909,0.000631363999591906,0.00228684760063105
"醫工英文(二)",NA,NA,-0.000727489022887891,-0.00145616127684902,NA,0.00322392512994869,0.00412256876437609,0.00119823364357775,0.000566048309787037,0.00120087122856104
"生醫感測模組整合應用",NA,NA,-0.000548958579845345,-0.00119743412762323,NA,0.00289438896819512,0.00367613386274216,0.00114801783599899,0.000581234518462807,0.00112858701073284
"生物輸送原理",NA,NA,0.00206639894840733,0.00382319560692548,NA,0.00530356587806923,-0.00305421179027744,0.00349125553818822,0.000987723571566943,0.0138837197738467
"訊號與系統",NA,NA,-0.00121309097942389,0.00129434200429042,NA,0.012536454491908,0.00151002498173845,0.00148208623935989,0.000883089467574118,0.0128410144075922
"材料科學",NA,NA,0.00390013880995395,0.000512840364216199,NA,-0.00435760907216388,0.00461473852494628,0.000956741666724322,0.000259142388511578,-0.00770828964079879
"排球一(男.女)",NA,NA,-0.000676846143732698,-0.00485012675636652,NA,0.00859070045175539,0.0035614792743417,0.106153705919831,0.027316983808297,0.114934166860628
"醫學影像系統",NA,NA,-0.00440225194145017,0.00783623689011136,NA,-0.00919181658606423,-0.00311239610192185,-0.00543732888800882,0.0118087611719042,0.0124396476881867
"醫材法規標準與認證",NA,NA,-0.00180424361401268,0.00442201659687419,NA,-0.00576757675708708,-0.00308187867409754,-0.00262503173254391,0.00124162182195045,-0.000584429724258117
"通識教育講座",NA,NA,-0.00182281010918053,0.0854438854517862,NA,-0.00754125882022598,-0.00085608433302661,-0.00241061195290015,0.00152573539339329,-0.00033824624202547
"電磁學(一)",NA,NA,0.00167324711449952,0.00456367667757841,NA,0.143398369645123,-0.00481518252152123,0.000620325081015918,0.00119873064023741,0.00291993499330271
"電子系統實驗",NA,NA,0.000731682614278458,-0.001579253564618,NA,0.00536799335905626,0.000207179575813795,-0.00118211534263678,0.000677352165759222,0.00421450288086067
"排球二(男.女)",NA,NA,0.00185944699436099,-0.0051814845907631,NA,0.0030164473787982,0.0139382473984753,0.00576420013963524,0.00168697533027,-0.000637819880912888
"電子學(三)",NA,NA,0.00107631560898284,-0.000457570501836919,NA,0.00242940080038143,-0.00307978425409051,0.00187212891758829,0.000679431598639743,0.00544005260319246
"JAVA物件導向程式設計",NA,NA,-0.000405334216093116,-0.00186341727486048,NA,0.0140496298812726,-0.00262508728306094,-0.00464190890302336,0.000620161934565273,0.0092964837568304
"網路工程",NA,NA,-0.000109213116574677,-0.00350898709183996,NA,0.00347680110967377,-0.00714735092905247,-0.000675742641292034,0.000185922384311575,0.00836955980851783
"心理健康與調適",NA,NA,0.000659972831860763,-0.00157688118647816,NA,0.00269509347100238,-0.00923743905429432,0.00480827735088234,0.000481180513518198,0.0144622476186885
"數位晶片設計及實作",NA,NA,0.00210845992884213,0.00726390617843728,NA,-0.00109248112201662,0.00364292022027585,0.00181795968352501,0.000561084422631012,-0.00478841834586105
"CMOS電路模擬與設計",NA,NA,0.000905229134768577,0.0022368499971269,NA,-0.00318980328273611,0.00162878590119983,0.00309823825462027,0.000660042076324065,0.000119293588625371
"日本語言與文化",NA,NA,0.10739375810538,0.00571277845248291,NA,-0.0100958716067075,-0.000728947154401534,0.00338203040488412,-0.000166213716903972,0.00566979861412354
"數位通信",NA,NA,0.000157322771984216,0.00235426747422725,NA,-0.00669310940392826,0.00244764554464707,0.00760384582429636,0.00107819561504257,0.00186302137224402
"Matlab程式設計",NA,NA,-0.000500170356999048,0.00252386950282126,NA,0.0102436631976131,-0.0113797606356211,0.0100456751332686,0.0140602916804315,0.00292005202955969
"系統安全",NA,NA,-0.000160219734024083,-0.000266057873623806,NA,0.00407606472354263,-0.00107083948453679,0.00576889236865951,0.00104629276935441,-0.000104629662485859
"國際現勢",NA,NA,-0.000227656934308596,-0.000333833541473262,NA,0.00435512975322799,-0.00120946382320769,0.00617287824391711,0.00107571848369254,-0.00016489231521104
"印尼語(一)",NA,NA,-0.000179487505533954,-0.000285422350152213,NA,0.00415579758916706,-0.00111044643844275,0.00588431690444741,0.00105470011630816,-0.000121847563264501
"認識中國崛起",NA,NA,0.00130680352447162,-0.000423400094892204,NA,0.00240306091612857,0.00884758290335171,-0.00835854068936272,0.000763287862397642,-0.013184978590298
"智慧電子專題(二)",NA,NA,9.44630660079324e-05,-0.000138637053351264,NA,0.00287990421671541,0.00238785568788324,0.00519939236104087,0.000891882011514325,0.00431871678211073
"臺灣民間音樂賞析",NA,NA,0.000909576907101491,-0.000304681112771598,NA,0.00652088978176738,0.00127923457934903,-8.74125573191992e-05,0.000440732704696362,0.0021579500331055
"工業日文(一)",NA,NA,0.00111395958853103,-0.00271169308850351,NA,-0.000463264115938128,-0.00152484645926341,0.00626025579099831,0.000345563344642,0.00374489725668022
"建築表現法",NA,NA,0.000591042386532962,0.0005755791688431,NA,6.82330340147657e-05,-0.000123791641886541,0.00121488865779986,0.000600343260540601,0.000376023944950446
"環境景觀概論",NA,NA,0.000606865096463437,0.000573743055835065,NA,0.000186888623780393,3.10622132967246e-05,0.00113106609663938,0.000617636887367591,0.000429218814140372
"哲學與思考",NA,NA,0.000610588087035341,0.000573311029244949,NA,0.00021480758607818,6.74984145163399e-05,0.00111134314107219,0.000621705976032766,0.000441735253949772
"永續發展導論",NA,NA,-9.91937982800584e-05,0.00112751787687918,NA,0.000521939807954481,-0.000404305442572505,0.00129610687331585,0.000511491623518438,0.000268070898558628
"電腦繪圖學(一)",NA,NA,0.000598488367676733,0.000574715115662845,NA,0.000124070958610372,-5.09192394473317e-05,0.00117544274666553,0.000608481437870954,0.000401056824569247
"建築設計 (三)",NA,NA,0.00224432946656639,8.61577157746169e-05,NA,-0.000710303314111577,0.00147595777266825,0.000639671059769469,0.000363432984797263,-0.00418380633645808
"世界建築史",NA,NA,0.000590111638889974,0.000575687175490637,NA,6.12532934403276e-05,-0.000132900692191401,0.00121981939669166,0.000599325988374313,0.000372894834998115
"建築物理",NA,NA,0.000607795844106415,0.000573635049187535,NA,0.000193868364354872,4.01712636016599e-05,0.0011261353577476,0.000618654159533897,0.000432347924092731
"應用力學及材料力學",NA,NA,0.000606865096463437,0.000573743055835065,NA,0.000186888623780393,3.10622132967246e-05,0.00113106609663938,0.000617636887367591,0.000429218814140372
"太陽能電池導論",NA,NA,-0.000129140965732593,0.000824854621729234,NA,-0.00347325165267907,0.00160321236791665,0.00589948981551891,0.00113901696213833,0.00249774597917385
"計算機網路",NA,NA,-0.00201932291789148,0.00889579698595508,NA,0.000601784548095298,0.0076712868192391,0.00502713765716239,0.406950110989066,0.00443469172319007
"桌球(男.女)一",NA,NA,-0.00281557601757153,-0.000988795562411776,NA,0.00392585213711844,0.104063124615638,0.0110627701252606,0.027877841983886,-0.00283892859397034
"資料探勘導論",NA,NA,-0.00260577554496611,0.00901757541775174,NA,-0.00210755595770932,0.0107295397411762,-0.00533418026534342,0.0893339682711149,-0.00782966128800474
"從數據分析到知識分析",NA,NA,-0.00124702038903024,0.00349423094967647,NA,-0.00171561160584961,-0.00856135325283514,-0.00620585707001873,0.0985164153904221,0.0177141741225325
"政治學與當代生活",NA,NA,0.00061953982189763,-0.00127947015287947,NA,-0.00389318992103027,-0.00359306479986211,0.0040123106560798,0.0134394451534596,0.00617915498858185
"攝影的藝術",NA,NA,0.00332019371998167,-0.00559800355308666,NA,-0.00333861778443138,-0.000340200722160134,-0.0139127633233634,0.0274262570961567,-0.00393083066616241
"網際網路程式設計",NA,NA,-0.000151083098507955,-0.00114302802251633,NA,0.00394302713869409,-0.00171842323189072,0.00465615589091781,0.056177943606686,0.00172386740339594
"創新創業實習",NA,NA,0.000961239480753799,0.00127906012179843,NA,0.000983854816573419,0.0016356244573959,-0.00408729565126777,0.0127335230345199,0.000335397730296604
"線性代數",NA,NA,0.000583019582973223,-0.00195250137978822,NA,0.00504609380214395,0.0108749447310976,0.00149075985959744,0.0395855757721759,-0.00699198379313212
"街頭行動藝術",NA,NA,0.00167216765341857,0.00374651906391206,NA,-0.00135794859818387,-0.00132028588420593,0.000259449800036376,0.0112971295973487,-0.000546240331738093
"流行舞蹈",NA,NA,-0.000187659463400022,-0.00262721300417718,NA,0.00226781493514084,0.00327944741852485,-0.0016888924999807,0.0135251781327825,0.00483444934206887
"搖滾年代",NA,NA,-1.07775237104512e-05,-0.000875065258876085,NA,0.00581158991740998,-0.000650976760907578,-0.0026921998694655,0.0153862503153562,-0.00711035658791974
"食品與健康",NA,NA,0.000335210622714099,0.0643640853340584,NA,-0.0101939406379924,-0.00672726183623436,0.00131040571540419,0.011493570401083,0.00144735131297458
"排球(女)一",NA,NA,0.00283018238721861,-0.00212367570078218,NA,-0.00374931735322841,-0.00195602257500179,0.00164561677398918,0.0238000367311728,0.169478011636098
"工程與法律",NA,NA,0.0042031482024721,-0.00560234502074638,NA,0.000459934589551266,-0.00226293417711041,-0.00419041544952961,0.0400853315122754,0.000501367235535509
"時空簡史",NA,NA,0.0026287397938769,-0.00468039458771056,NA,0.00463133088412559,-0.00780681614711949,0.00148245187967336,0.0145918653111852,0.00549946858619949
"數位邏輯電路設計",NA,NA,-0.00131205879839427,-0.000346961240577198,NA,0.0173147801861834,-0.00393076506138603,0.00647866806909229,0.0520478152727057,-0.00730851626572522
"體適能一(男)",NA,NA,0.000800243881285028,0.000532290427448699,NA,-0.00966361002072038,0.00300683634555545,0.00798916627942532,0.0127679493985386,-0.000227604440931966
"排球(男)一",NA,NA,-0.00201809456453525,-0.000365538570679677,NA,-0.00341332140327894,-0.0105350523856484,0.106626405696981,0.000115422313197695,-0.00818829723976657
"系統分析與設計",NA,NA,0.000184258338810928,0.00532758742731963,NA,0.000935368720983857,0.000440479234892865,0.00354222303058341,0.00121000371564879,-0.00192185806932693
"企業資源規劃導論",NA,NA,0.00134031266272458,0.00505332229747807,NA,-0.000713379467808006,-0.000231748280687501,0.00545802663306499,0.00111335313793573,-0.00149643378919231
"物聯網整合應用與實作",NA,NA,0.00120361791933135,0.00167390166699924,NA,0.00217169663074613,0.00464292143192551,0.0047658315425756,0.00207480134002592,-0.00702035649962316
"開放系統管理實務",NA,NA,0.000520534357161622,0.000432450788980137,NA,0.00206365406889683,0.00271310931430251,8.42872991144139e-05,0.000869265530438628,-0.00233361083024008
"UNIX系統導論",NA,NA,0.00128725886624163,0.00247917072962776,NA,-0.0116652601056767,0.00707658185015561,0.00111212478719448,0.0350133094918833,0.00898946685753972
"動漫文學",NA,NA,0.00183266999831527,0.00243590587695388,NA,-0.00234760740870022,-0.000223681822503001,-0.000122644367169902,0.0151727813668323,0.00330083403817047
"行政法與公共事務",NA,NA,-0.00100717825786214,0.00230554972697126,NA,0.00204363649422331,-0.00019814348491814,-0.00750940987247801,0.0145692813468106,0.00669306466186087
"人因工程",NA,NA,0.00256278981805988,-0.000616123707824114,NA,-0.00201417214677495,0.00218751768220276,0.00122499255473606,0.0130311712474912,0.00087767937348734
"羽球(男)一",NA,NA,-0.00276069578476951,0.00514350789426558,NA,-0.00423972911004908,0.000162572386192108,-0.00299406548060883,0.01352486197736,0.0162390852277193
"科技災害導論",NA,NA,0.00400965727942674,-0.00207693462647095,NA,-0.00459759589088741,0.00487535697376323,0.00487432664875025,0.0156484803047713,0.106653487258025
"當代人權議題與挑戰",NA,NA,0.0926743699119389,-0.00705589641158764,NA,-0.00853399169849568,0.00564611496159273,0.00990216632481703,0.0162750601038756,-0.00408467232915451
"微處理機實驗",NA,NA,0.00071629593402242,0.00300018780589857,NA,0.000928364576161165,-4.17597661768825e-05,0.00116786246887483,0.000524634479236065,0.000427748284512072
"籃球(女)一",NA,NA,0.00103946709897285,0.000834134075259915,NA,0.00341103556760655,0.00411835450403026,0.00495012957127751,0.000718959993389096,0.00756979902558891
"普通物理(二)",NA,NA,0.000706690530734367,-0.000913362923225078,NA,-0.00408888648025667,-0.000191537485113955,0.00293617359636984,0.000646514707138049,0.0035050390926769
"電力實驗(A)",NA,NA,0.00150001125576483,-0.00368093400549307,NA,0.00407159633541402,-4.43536558492755e-05,0.00522974881548065,0.000762049159433659,-0.00742224412610761
"微型電網",NA,NA,0.00190775549767488,2.98557411550766e-05,NA,0.0028137234935053,0.00227303417674262,0.0047492597782618,0.000295871864518474,-0.0046995151339651
"保齡球一(男.女)",NA,NA,-1.38486190557997e-05,0.000228417844831079,NA,0.148846042629,-0.00216107074425809,0.00711805436778911,0.023475560728724,-0.0031455710459589
"國際專題設計實務",NA,NA,0.00041573273163484,0.00396647343750808,NA,0.0061430948199376,0.00471977828389271,0.00162161111272624,0.000253931127192365,-0.000980425643456959
"創意思解",NA,NA,-0.00110000077232189,-0.00692184951426326,NA,0.0117849531655812,0.00633656989634853,0.00661066800165717,0.0140398262644455,0.0120834580121953
"C++程式設計",NA,NA,0.000704834989182271,-0.000800059824473274,NA,0.00468321520893421,0.000758711291893956,0.00380282646030004,0.000134984553838104,-0.00116821918177496
"羽球(女)一",NA,NA,0.0797482632427427,0.0593685773971891,NA,0.00289630520026336,-0.00277535859036569,-0.00229357251160809,-0.000255348997016776,0.00443542502412742
"網球(男)一",NA,NA,0.000517902124041545,0.000720189423255672,NA,0.00560342877524098,0.00819615319391693,0.00557731265529804,0.00109061041582825,-0.00346082050050135
"建築結構與造型",NA,NA,0.00222760282860947,-2.99251013849517e-05,NA,-0.000900341547243748,0.00223537952844321,-0.00177995609387657,0.000396268244875257,-0.00553105760798098
"文化資產保存特論",NA,NA,0.00334432615522544,-0.0030189968666005,NA,0.00213681083721886,0.00271424948222917,0.00260380814971051,0.000655987901943622,0.00120806857180837
"應用力學",NA,NA,0.00237856801966406,5.92801882242238e-05,NA,-0.000204018281964076,0.00223602914409696,0.000239283918341338,0.000432534565320602,-0.00411673594384086
"文化資產保存與再利用",NA,NA,0.00104267604271757,0.00555641211191358,NA,0.00507739152670034,-0.000235181327576663,-0.00173599118452174,0.00106004281996863,-0.00232881062622604
"電腦輔助設計(一)",NA,NA,0.000988281343018024,0.00478119960164054,NA,0.00433684259145517,-8.85288231925298e-05,-0.00151171048692899,0.000997542356899632,-0.00202828323381505
"行為控制學",NA,NA,0.00545298850475371,0.0627365368003643,NA,0.00185337926980444,-0.00620272214867314,-0.000663203515164085,0.00152102126719295,0.00514250846841558
"施工圖(二)",NA,NA,0.000969833141140575,0.00137730412747636,NA,0.00037516272282545,0.00136802458443307,1.08235564516881e-05,0.000743951148322406,0.000368183921545352
"室內設計 (三)",NA,NA,0.00125711104532209,0.00158204743350423,NA,-3.1356746964828e-05,0.000588929965577878,-0.000506934259080218,0.000783216942581349,0.00144508744417011
"照明學",NA,NA,0.00169340239374498,-0.0036955260114738,NA,0.00434930617923254,0.00329793079490862,0.00031583868681563,0.000428098730516632,0.00362422981401316
"家具設計(一)",NA,NA,0.00332086733559137,-0.000562545249049505,NA,0.00174095737782192,0.00340065482206543,-0.00568158745183161,0.000444834537718205,-0.00109228277088764
"設計原理(一)",NA,NA,-0.00361290753381141,0.00078712211823898,NA,0.00016085310377668,-0.000273127119994133,0.00658879485887962,-6.643699330781e-06,0.00166379808980126
"廣播錄音工程",NA,NA,0.00140462563296805,-0.00244360538019483,NA,0.00310261559185547,0.000895340045729691,0.00324613579927002,0.000942067566664161,0.00659807185692745
"室內設計從業實務解析",NA,NA,0.00140462563296805,-0.00244360538019483,NA,0.00310261559185547,0.000895340045729691,0.00324613579927002,0.000942067566664161,0.00659807185692745
"關懷設計",NA,NA,0.000366276148467639,-0.000255169614581305,NA,-0.00178266634653296,-0.000308029993541826,0.00127019214126426,-0.000202041297372847,0.0155871901164323
"跆拳道",NA,NA,0.000425977438832063,-9.27238943656155e-05,NA,-0.00130227444630205,-0.000122158807979601,0.00117836153899432,-2.67400356150517e-05,0.012631670921404
"整合行銷與設計一B",NA,NA,0.000563151566505793,0.00154657595483035,NA,0.000941171536317617,0.00118508452282765,0.000669669192588144,0.000816284560179587,-0.00169220744149756
"插畫與繪本創作一",NA,NA,0.000560176074273884,0.00149708852834084,NA,0.000829402984618093,0.00114744486780092,0.000681578466827942,0.000810726380817354,-0.0013358866884402
"數位媒體創作(一)",NA,NA,0.000569531894181685,0.00110002135180397,NA,2.76648628674294e-05,0.000913404969000239,0.000789068964430641,0.00077737741818926,0.00158729847615806
"數位出版",NA,NA,0.000982790555514838,0.00146568545987511,NA,0.00249608520782842,0.00194018009068265,0.000784302297394991,0.000923105881183282,-0.00211011796270554
"設計實習",NA,NA,0.000544422447175527,0.00112902337251969,NA,-7.73030174221787e-05,0.000889777509186358,0.000782698826528392,0.000776516422881045,0.00165238267237641
"品牌設計",NA,NA,0.00066052484782678,0.000958721172179654,NA,0.00155504332274435,0.000855377880616767,0.00068780291030952,0.000712285321193818,-0.00263616468839896
"生態藝術",NA,NA,0.00100005904981732,0.000631366657511733,NA,-0.00042358760557976,-0.00458930542118168,-0.00123044324333757,0.000174721186024763,-0.00852874980601172
"基礎敘事影片製作",NA,NA,0.000258590685742656,0.000620498801885311,NA,-0.000858161435343415,-0.000127341963391926,0.000693210402610809,0.000574741127505396,0.00100213663925382
"文化造形設計",NA,NA,0.000208009975229458,0.000627151170377555,NA,-0.00104405192139746,-0.000221119925961261,0.000679330535058922,0.000561156470364954,0.00104737078348324
"商業攝影實務一",NA,NA,0.000213068046280773,0.000626485933528352,NA,-0.00102546287279206,-0.000211742129704337,0.000680718521814121,0.000562514936079001,0.00104284736906031
"設計倫理",NA,NA,0.00706159562096541,-0.00151051847289087,NA,-0.000447085566646379,0.00207697391902345,0.000820571092178854,0.00075864672267261,0.00382611823619959
"案例研究方法與分析",NA,NA,0.366193674241727,-0.000828845393931035,NA,-0.0105596052596339,0.00240597348419071,0.000131784084915381,0.000657437577960937,-0.0100010017849077
"環境規劃與設計(一)",NA,NA,0.514347328888213,0.000308874048397119,NA,0.00155478712868291,-0.000295474411890775,-7.66791803817238e-05,0.000581247601335391,-2.07866135724816e-05
"西洋兒童文學名著選讀",NA,NA,0.0884624661981687,0.00101750839749649,NA,-0.00593829838452934,0.0059058275277938,0.00139230678043679,0.000773154236671949,0.00332479568429416
"生態規劃與原理",NA,NA,0.089605503723879,0.00553843495169563,NA,-0.00572078429673958,-0.00359190717532907,0.00179951957133093,-0.000482621322838619,0.00374389556588919
"東南亞政治與社會",NA,NA,0.0989921963033606,0.00247564531315347,NA,0.00669124075243016,-0.00438775824476285,-0.00771513974088967,0.00103448116182615,-0.00442447748046277
"電腦輔助繪圖(二)",NA,NA,0.0849651114472001,0.00613610565179884,NA,0.00769024527054524,-0.000442262201659623,0.00226975413691062,0.00056844147951988,-8.40211572176921e-05
"圖學一B",NA,NA,0.00746218425537624,-0.00154882840855956,NA,0.00131106797471345,0.00294070636540909,0.00095072294433859,0.000885341382772381,0.00336429324049631
"基本設計 (一)",NA,NA,0.00682275933166081,-0.00134972788849767,NA,0.0012486193654881,0.00272344078122187,0.000937067827674356,0.000866464720896678,0.00310748823630798
"材料及構造(一)",NA,NA,0.00730232802444743,-0.00149905327854409,NA,0.00129545582240713,0.0028863899693623,0.000947309165172536,0.000880622217303458,0.00330009198944921
"家具規劃",NA,NA,0.00794175294816286,-0.00169815379860598,NA,0.00135790443163248,0.00310365555354949,0.000960964281836773,0.000899498879179164,0.00355689699363755
"室內設計用詞表達形式",NA,NA,0.00786182483269847,-0.00167326623359826,NA,0.00135009835547931,0.0030764973555261,0.000959257392253763,0.000897139296444704,0.003524796368114
"商用英文",NA,NA,0.00122615504006906,0.20657374251132,NA,0.00019374659548277,0.00224209468519623,0.0010409153317447,0.000851018614853638,0.00473851126134254
"服務業管理",NA,NA,0.000308055399052111,0.0789107515159277,NA,0.00058957228441172,0.00279875085607621,0.000604805131140297,0.000446019695613249,-0.00218599887087384
"服務業行銷",NA,NA,0.000395735934514091,0.0767788955573445,NA,0.00057901190613468,0.00291428241981342,0.000667042593607763,0.000507810127744339,-0.00220267215991344
"銀行管理",NA,NA,0.00132474598828792,0.065414474749235,NA,0.000450770999518341,0.0045643783023158,0.00133532367128339,0.00116494158065109,-0.00284550030779007
"工藝與生活美學",NA,NA,-0.00128299444421135,0.0787334885942935,NA,-0.00428533135999208,0.0078852297877996,0.000972200152976336,0.000940455994599597,0.225218158026393
"保險學",NA,NA,0.00133295163263029,0.0662250730008867,NA,0.000448311243241184,0.004613529786927,0.0013419447505522,0.00117094363977993,-0.00288901581252478
"管理會計",NA,NA,0.0016800108612752,0.127067242663264,NA,-0.00061369320895114,0.000349422604672442,-0.000238299786332342,0.00105378088905897,-0.00464089847068186
"壘球(女)一",NA,NA,0.000834843173987945,0.0648439441468208,NA,0.00819094073709559,0.0132080126848214,-0.00337961877483364,0.00112403688033963,-0.0087607553963585
"資訊科技導論",NA,NA,0.000175695198023057,0.0183405973090303,NA,0.000390004402596426,0.0038815911354215,0.00160581696932951,0.00105501446315031,0.0103259621677022
"會計學(一)",NA,NA,-0.000165763798833469,0.00482466642974629,NA,0.00674375843215248,0.00374662958761666,-0.000972447308276202,0.00177719608947484,0.0226827408160903
"高科技產業分析",NA,NA,0.00043335127815323,0.0776460528324425,NA,-0.000698739962699473,-0.000337487025839164,5.83629498744048e-05,0.000945141376099142,0.009794245126201
"商管專業服務學習(一)",NA,NA,5.14095308276425e-05,0.0645330544098316,NA,-0.000310549045756817,-0.00600710971422309,-0.0015603632803669,-0.000133236833447224,-3.49675193808113e-05
"中小企業投資實務",NA,NA,-0.000298053517352371,0.10473319306378,NA,-0.00170008090999755,-0.00513466283631103,-0.00185859746653441,0.000346926542409163,-0.00516621342302277
"全球氣候變遷",NA,NA,0.000749953046035254,0.0560664089102837,NA,0.00565089935409718,0.00185210743300822,-0.000786428102806945,0.000660754591623908,0.00249211979325985
"電腦應用概論(二A)",NA,NA,-0.000119713427374904,0.00119819191239371,NA,0.00118290629370334,0.000331999982017025,0.000887322016395663,0.000585394125816781,0.000519326256464019
"敷地計畫",NA,NA,7.95529301197817e-05,0.00103848271128445,NA,0.0010475292198619,0.000407927684670639,0.000866666118631025,0.000610525389490075,0.000548764232552387
"空間與文化",NA,NA,-6.53680571490918e-05,0.00115463485754574,NA,0.00114598527356476,0.000352707537286196,0.000881688589732567,0.000592248106818582,0.000527354795397195
"植栽設計(一)",NA,NA,-3.81953720361772e-05,0.00113285633012173,NA,0.00112752476349548,0.000363061314920772,0.000878871876401035,0.000595675097319487,0.000531369064863816
"景觀設計表現法",NA,NA,-0.000119713427374904,0.00119819191239371,NA,0.00118290629370334,0.000331999982017025,0.000887322016395663,0.000585394125816781,0.000519326256464019
"結構與造形",NA,NA,-0.00017405879760072,0.00124174896724168,NA,0.00121982731384194,0.000311292426747842,0.000892955443058753,0.000578540144814972,0.000511297717530836
"藝術概論",NA,NA,-0.000128770989079207,0.00120545142153504,NA,0.00118905979705977,0.000328548722805492,0.000888260920839516,0.000584251795649819,0.000517988166641815
"敷地計畫實習",NA,NA,7.95529301197817e-05,0.00103848271128445,NA,0.0010475292198619,0.000407927684670639,0.000866666118631025,0.000610525389490075,0.000548764232552387
"植栽設計實習(一)",NA,NA,-3.81953720361772e-05,0.00113285633012173,NA,0.00112752476349548,0.000363061314920772,0.000878871876401035,0.000595675097319487,0.000531369064863816
"景觀設計表現法實習",NA,NA,-0.000119713427374904,0.00119819191239371,NA,0.00118290629370334,0.000331999982017025,0.000887322016395663,0.000585394125816781,0.000519326256464019
"行銷管理學",NA,NA,0.0013834228918884,0.105388881626506,NA,0.00271882338123099,0.00690136056351822,0.00397977578351917,0.000400255862168178,-0.0125048841229025
"統計學(一)",NA,NA,-0.00229581158020417,0.0473445941337033,NA,0.00415801107524245,0.00582536127851568,0.00402757016534365,-0.000220622480003857,-0.00643810808486647
"國際行銷管理",NA,NA,-0.00326188277627101,0.0520011336492152,NA,0.0068311280713958,0.0110020345693188,0.00529025049780159,0.000326504885162449,-0.0109068278277918
"全球化大議題",NA,NA,0.0008327315077946,0.0212542345871253,NA,-0.0106648416433323,-0.00751248981571401,0.000389655349280832,0.00142347856706829,-0.0160660817068296
"民法概要",NA,NA,0.00183804911797256,0.192745576107487,NA,0.000247628959559241,0.00101725362638412,-0.000145904970007709,0.00028017116117768,-0.00343095477137938
"文化創意產業講座",NA,NA,-7.32786132769236e-05,0.0273157570698879,NA,-0.00623426267880767,0.00133678679182564,0.00266977940047624,0.000941894912244654,0.0071257327028266
"餐飲工作觀",NA,NA,-0.000212094560515757,0.099986647048098,NA,0.000923850396542907,0.000537698757118208,0.000355320992624082,0.00118112074926931,0.00940454376034669
"中小企業經營策略",NA,NA,0.000244548945803444,0.220261950417097,NA,0.00144941803923526,-0.000629771072149619,-0.00014514392767449,0.000213472954108869,0.0015395358428539
"績效管理",NA,NA,-0.0015210433344861,0.0780899744922005,NA,-0.00589736097637359,0.0011709182754242,0.00160470539731894,0.00014992429849718,0.000563391043236214
"管理數學",NA,NA,0.000577472787776173,0.0674054819657119,NA,0.00773915400428844,-0.000156002823237954,-0.00146804881263587,0.00089578056377569,0.00243004024557548
"大陸台商管理個案研討",NA,NA,0.000579425941606767,0.0659680869689674,NA,0.00758664642358747,-0.000139050944600168,-0.00141915233645486,0.000891242849508304,0.00239145314504688
"韓國語言與文化",NA,NA,0.000586261980013908,0.0609372044803621,NA,0.00705286989113413,-7.97193693678326e-05,-0.00124801466982131,0.000875360849572518,0.00225639829319679
"英文(一)",NA,NA,-0.00128871459571463,0.0581319188800149,NA,0.00351274270417903,-0.00443517672629267,0.073165476000092,-5.25159385625035e-05,-0.0136781139122943
"商用日文(三)",NA,NA,-7.80191489313126e-05,-0.000402618762260795,NA,-0.000602809942655662,-0.00151837609456181,0.000154357405548931,0.000723659727992952,0.000839280001850802
"不動產經營管理講座",NA,NA,-0.000277736870153612,-0.000661991075046951,NA,-0.000937413709453429,-0.00209389830486676,-1.9928771358204e-05,0.00073406500511053,0.000893748434051541
"中級會計學(一)",NA,NA,0.00126721238835446,-0.000838512426446831,NA,-0.000325859371712111,0.00307249241218116,0.000869258116253408,0.000573908804205709,0.00105948889829989
"新興會計問題專題",NA,NA,0.000947395073170112,0.00440626258143135,NA,-0.00141956477440514,-3.72353435403193e-05,-7.90043121518835e-07,0.000720228927209057,0.394198228433092
"稅務法規",NA,NA,0.000881209641893377,-0.00132714507813263,NA,-0.00028653496830709,0.00193281119281613,0.00111952274983286,0.000442152392163937,0.00487774010524433
"租稅申報實務",NA,NA,0.00204960864977606,-0.00583907725312373,NA,0.00555907227788109,0.00595186850092647,0.00412903383827545,-0.000440871182535163,0.26519960119112
"政府會計",NA,NA,0.0043928512047345,-0.00663482469620299,NA,-0.00119013352845896,0.00675674431217868,0.000414106605625903,0.000608374529603231,0.282971891821391
"成本會計(一)",NA,NA,0.00198542497835048,0.00421749848737144,NA,-0.0015062050513594,0.00206109851886791,0.000609995501782619,0.000668621396516049,0.438166829159948
"財務管理",NA,NA,0.00206483011817674,0.0531296692438505,NA,-0.00114649084544159,-0.000402908900917094,0.00235266104461585,0.00111597800136992,-0.00711690047842895
"進階商業英文",NA,NA,-0.00213748157374033,0.000469576761764725,NA,0.000384536485615199,0.00166381343495338,0.00194686034161562,0.000860351088957665,-0.00517765933218882
"國際人力資源管理專題",NA,NA,-0.00242773426490994,0.000459538362937153,NA,0.000357328035676022,0.00177052590752582,0.00206491789456406,0.000878513941228144,-0.0057790454773458
"財務報表分析",NA,NA,-0.000614542642526939,0.00500760720801823,NA,-0.00104846400725048,-0.00053726042025386,-0.00207604235718781,0.000730060773783853,0.0997039438958506
"會計時事議題研討(二)",NA,NA,-0.000465876489736888,0.00673632333501323,NA,0.00439006682885166,-0.00217484702277863,-0.00434856231796435,0.000807048723169016,0.00599508620957424
"財務數學",NA,NA,0.000375953731307651,0.00602584113747421,NA,0.00373198705227782,-0.00547831751634409,-0.00204025440016306,0.000892798084599242,0.0032715591823898
"國防軍訓-防衛動員",NA,NA,0.000253359240188499,0.00831519419440617,NA,0.00502546002510328,-0.00804081756947096,-0.00323369286755888,0.000980032795738953,0.00437690268071655
"企業評價",NA,NA,6.35163801403829e-05,0.00310911283766701,NA,-0.00402910236468268,-0.00381148113067434,0.000805804837516701,0.000852710135313884,-0.00805449120386846
"財務金融理論與應用",NA,NA,0.000330630505594791,0.00239247283361261,NA,-0.00428966359256457,0.000832227862319667,0.00228237943312082,0.000926093785938518,0.00307149771570578
"投資學",NA,NA,0.00118891584390429,-0.00648333119097037,NA,0.00622533143089765,0.00157283927366787,-0.0011576945080114,0.000531048152488933,0.15711733243654
"專業英語溝通技能",NA,NA,0.00149015924899376,0.0014755058935099,NA,0.00637260189709239,0.00173208915194893,0.000945995711434061,0.000572155846068755,0.00235338823517431
"韓國語入門",NA,NA,0.000504085070037862,0.000782186252674579,NA,0.00209575850159377,-0.00370702907315316,-0.000919748952300637,0.000557959009538745,-0.010239407811285
"游泳(女)一",NA,NA,0.000773439603112526,0.00607277277854678,NA,0.00491378514847282,0.00607654139184505,0.00539169947663267,0.00087065529200628,0.0349790505611639
"非營利財務管理",NA,NA,7.53623109119942e-05,-0.00387553115000717,NA,-0.00365394469031036,-0.00655749441844217,0.00431121003486429,0.000599310635846473,0.150985414083538
"金融講堂",NA,NA,-0.00344774251338276,0.00262583096990085,NA,0.00163814742043591,-0.0114662496422975,-0.00169389503063775,0.000784962345581449,0.142118251356385
"聖經中的經濟智慧",NA,NA,0.00197756298234763,0.0729512571745011,NA,0.00777520045713913,0.00758192120791363,-0.0010985366779867,5.29976657997063e-05,0.00223977770272823
"觀看與影像實踐",NA,NA,0.00022005872358567,0.00439179248294254,NA,0.00508630119730508,0.00570994613222902,0.0055574672419553,0.00144215576893805,0.010164719169167
"財產及土地稅法",NA,NA,0.000356357364221472,0.00167460760790963,NA,0.00091395048790698,0.0055013869085144,-0.000236716799301572,0.000813722740992061,0.11029480225741
"iOS應用程式開發",NA,NA,0.000509382158258084,0.000414952367362223,NA,0.00209156073725571,0.00273309782931457,1.38601338190902e-05,0.000858761436785288,-0.00233919509758702
"商用日文 (一)",NA,NA,0.000403918147687206,-6.97043667305505e-05,NA,0.00662538905432767,0.0065721211522879,0.000466538601184056,0.00086753894183452,0.00234174643867667
"樹莓派機器人應用",NA,NA,0.00052945528869699,0.000434109704170956,NA,0.00190915957065844,0.00246772878141211,0.000113874095414277,0.000836784436392577,-0.0019634138131345
"財務管理資訊系統",NA,NA,0.000800683417303839,0.00523777456368041,NA,0.00152902412123881,0.00237847253604912,0.000217827936200385,0.000210015773563214,0.000507785667070634
"國防軍訓-全民國防",NA,NA,0.000527782527827081,0.000432513259436894,NA,0.00192435966787485,0.00248984286873728,0.00010553959861468,0.000838615853091967,-0.00199472892017222
"義大利歌劇賞析",NA,NA,0.000287472559344639,-0.00140958294409462,NA,0.00132641516717538,0.00131773619782667,0.00161436163674637,0.000655240019184263,0.00170184608481457
"飲食自覺與營養管理",NA,NA,0.00220573415857653,0.000671992326008505,NA,0.00108635201573604,0.0994192838424922,0.00193413143610267,4.10043813574032e-05,0.00576313173003794
"行銷管理資訊系統",NA,NA,0.000484897948199204,-0.000526997708991554,NA,0.000486613635594786,-0.00207792854988377,-0.000311454856497055,-2.7677184283261e-05,0.00172482132048988
"創業實務",NA,NA,0.000336384596798566,-0.00134411438676865,NA,0.00132700126963606,0.00132411851050795,0.00160268549220827,0.000645772126095556,0.00165033847631826
"CCNA企業網路",NA,NA,0.00158434334871281,0.00128061347449919,NA,0.00176694302528562,-0.000134765856817295,0.000402967101683424,1.90325169448288e-05,0.00261745760881252
"展示設計",NA,NA,4.22717448859717e-05,0.00489712326539328,NA,-0.000503530519374365,-0.00143549435988641,0.000579184321801686,0.000398322020688744,0.00473815474253199
"視覺傳播",NA,NA,-1.73494642581618e-05,0.005309552660469,NA,-0.000613157378523735,-0.00163242330210607,0.000557617368660831,0.000371040608340721,0.00512886090172593
"民法債編各論",NA,NA,-0.00205959791588482,-0.00329940816305266,NA,0.00268281992487799,-0.00038270731026832,-0.000674693706408096,0.000390452973288244,0.00854380749900975
"中西哲學家的生命觀",NA,NA,-0.00247169242505815,-0.00719955147747272,NA,0.00200485181679071,0.00261219595955544,-0.000415574382838074,0.00106230062367474,-0.00695848827439195
"日文(一)",NA,NA,-0.00208214189390629,0.010188487604931,NA,-0.00195907109897908,0.00155716943332659,-0.000533600562497206,0.00071973161784072,-0.013517229598245
"法學英文（一）",NA,NA,0.000298966224129209,0.00318565014990539,NA,0.00211017984504494,0.00154599363914443,-0.000416763941723843,0.000168956989995342,0.0159602416592241
"關稅法",NA,NA,0.0001173293962094,0.00447370041194181,NA,0.00282950525980768,0.00199537106818922,-0.0010179448949229,-8.47249085362819e-05,0.0234968817845825
"英美侵權行為法",NA,NA,-0.000155003310130192,-0.00496337973619138,NA,0.00121434989433234,-0.000541625914866121,-0.000621408446189792,-6.11432106413388e-05,0.0145850100638039
"民法親屬",NA,NA,0.000617183424503295,0.000125725360285283,NA,0.00160232106286591,0.00122380473519056,-5.09193949023036e-06,0.000434484835366349,0.00361797677170161
"刑法分則",NA,NA,0.000618372052791557,0.0001359785988158,NA,0.00158011711958286,0.0012100478700331,1.3762229562588e-05,0.000440305579900684,0.0035486224298247
"民法物權",NA,NA,0.000624315194232992,0.000187244791468444,NA,0.00146909740316755,0.00114126354424581,0.000108033074826678,0.000469409302572392,0.00320185072044024
"民法債編總論",NA,NA,0.000626098136665423,0.000202624649264236,NA,0.00143579148824293,0.00112062824650963,0.000136314328405895,0.000478140419373899,0.00309781920762492
"財務計量分析",NA,NA,-0.000486978201774782,0.00421130665477291,NA,0.003406803603147,0.00718542453069099,-0.000406282082483912,0.000804744639930527,0.00350598978673185
"理財規劃與策略",NA,NA,-0.00152973787393122,0.00283595413484514,NA,-0.000641785154133594,0.0118344832686054,-0.000721324323342351,0.00063402284819834,0.00772062391522422
"西洋弦樂器演奏賞析",NA,NA,-0.00164069243286736,0.0027251226807249,NA,-0.00122676672766016,0.00457069245589062,0.00465217469664536,0.0013607113996956,-0.000220615852515183
"金融機構管理",NA,NA,-0.000904861451117503,0.00203724648462404,NA,-0.000629456522701137,0.00331558745861978,0.00342635509621604,0.00114530368616566,5.2288782449718e-05
"個體經濟學",NA,NA,0.00103556433140189,-0.000355026236269605,NA,-0.00199335834863517,-0.00535386214736588,-3.32432170203246e-05,0.000757382513698763,-0.00433229936944718
"投資銀行管理",NA,NA,0.00117737794134881,-0.00178406823056019,NA,-0.000749599137787298,0.000124368106184327,-0.00431255902527093,0.000491236720690192,0.00379168777476378
"生活化學應用",NA,NA,0.00208108327006636,0.00263430473645501,NA,0.00216885323928932,-0.0217644427456805,-5.35075856104716e-05,0.0124759238643707,-0.00469339174709201
"職業安全衛生概論",NA,NA,0.00106898793571627,0.000604316255463949,NA,0.00207401839956579,-0.000257698744555422,0.00150218701979454,0.000665943302709469,0.00731895168477294
"中文經典閱讀",NA,NA,0.00106421777506367,0.000603867426435782,NA,0.00205703665078161,-0.000247104003150998,0.0014938947615801,0.000666167511609859,0.00723938964175178
"高層思考訓練",NA,NA,0.00112145970289464,0.000609253374773761,NA,0.00226081763619187,-0.00037424090000462,0.00159340186015345,0.000663477004805058,0.00819413415800573
"華語正音A",NA,NA,0.00107852825702141,0.000605213913520286,NA,0.00210798189713418,-0.00027888822736437,0.00151877153622346,0.000665494884908669,0.00747807577081526
"中國文化導論",NA,NA,0.00107852825702141,0.000605213913520286,NA,0.00210798189713418,-0.00027888822736437,0.00151877153622346,0.000665494884908669,0.00747807577081526
"閱讀與寫作指導",NA,NA,0.00110237906028432,0.000607458058661116,NA,0.00219289064105514,-0.000331861934386732,0.00156023282729568,0.000664373840406664,0.00787588598592108
"詞曲賞析(一)",NA,NA,0.00109760889963175,0.000607009229632952,NA,0.00217590889227094,-0.000321267192982276,0.00155194056908123,0.000664598049307063,0.00779632394289989
"數位音樂名師專題",NA,NA,-0.000364834100251073,0.0017337075183035,NA,-0.000154947406996067,-0.000308398349344228,-0.000461449831592914,0.00060556183948595,-0.00604793124404183
"資賦優異教育概論",NA,NA,-0.000327036714599231,0.00169100899752768,NA,-0.000125587690824499,-0.00027398403656016,-0.000415092984225572,0.000608459949639258,-0.00580340668373559
"幼兒體能與律動",NA,NA,-0.000402631485902927,0.00177640603907931,NA,-0.000184307123167663,-0.000342812662128299,-0.000507806678960244,0.000602663729332648,-0.00629245580434809
"聽覺口語法理論",NA,NA,-0.000238842814744923,0.00159137911571746,NA,-5.70816864241307e-05,-0.00019368397339736,-0.000306927007035131,0.000615222206663638,-0.00523284937635438
"科技在特殊教育之應用",NA,NA,-0.000364834100251073,0.0017337075183035,NA,-0.000154947406996067,-0.000308398349344228,-0.000461449831592914,0.00060556183948595,-0.00604793124404183
"第二外語文法五(西)",NA,NA,0.00054605265435346,0.000684873218311286,NA,-0.000120660454985442,0.00101229626741665,0.00147715603025716,0.000689883396288963,0.00154699529345118
"第二外語會話五(西)",NA,NA,0.000518901326924572,0.000702198011316998,NA,-0.000328161408814437,0.00112310171500345,0.00166679587365588,0.000692507280702093,0.00179419521450661
"高級英語會話(一)A",NA,NA,0.0011970740687703,-0.000775947598696481,NA,0.000543867840032922,0.0014413583200045,0.00166360231891313,0.00080112989653794,0.000857399115507032
"研究論文寫作(一)A",NA,NA,0.00115403386650175,-0.000666669278806219,NA,0.000552307207842537,0.00137550144202667,0.00159376795933261,0.00079165929975463,0.000839357100256084
"運動與健康",NA,NA,0.00118477686812214,-0.000744725221584986,NA,0.000546279087978518,0.00142254206915365,0.00164364964474727,0.000798424011742713,0.000852244254006771
"兒童戲劇",NA,NA,0.000987456846902169,0.00111687221440534,NA,-0.00103755138718155,0.000947100095445231,0.00075412024659382,0.000929682095368213,0.00112263772820255
"繪本與英語教學",NA,NA,0.000512326572245087,0.000710289206336522,NA,-0.000362343026461693,0.00113843324779276,0.00169507706852804,0.000692493613971737,0.00183453605776581
"專業英語課程設計",NA,NA,0.000510561141707324,0.00072050626487926,NA,-0.000338349657390737,0.00111880410050783,0.0016662466015303,0.000691149782727679,0.00180506473150954
"英語教學概論",NA,NA,0.000506117158804964,0.000766197427579886,NA,-0.000195595066937787,0.00101043734222351,0.00150324013662709,0.000684439737661007,0.00163081420472208
"時事英語",NA,NA,0.00162516924480894,-0.00098439149402072,NA,0.00167482393139717,0.00104743287301867,0.000811843751852476,0.000850116558682817,-0.000196049021600798
"高級英語會話(一)B",NA,NA,0.000466000383379643,0.00162572449129574,NA,0.0011233929174735,-2.46597698952734e-05,5.33825479668916e-05,0.000613330936186225,0.000498705856069851
"研究論文寫作(一)B",NA,NA,0.000547974661746356,0.00151386211799496,NA,0.000923280016518179,6.675453180558e-05,7.3735470631064e-05,0.000654734414650501,0.00045407230410536
"桃學趣",NA,NA,-3.2281117349393e-05,0.002104507916328,NA,-0.000208261378713086,0.000271259915787569,0.000759498471234593,0.000570747020493475,0.00154877949924128
"桃學趣探索",NA,NA,-3.2281117349393e-05,0.002104507916328,NA,-0.000208261378713086,0.000271259915787569,0.000759498471234593,0.000570747020493475,0.00154877949924128
"第二外語文法五(日)",NA,NA,0.00117673151887489,0.000800263521525696,NA,0.000128829135577771,0.000472538122416895,-8.88533133686967e-05,0.000914751118479054,-0.00014226391324722
"第二外語會話五(日)",NA,NA,0.00115959319040381,0.00079238771575847,NA,0.00014631415915473,0.00047792199020352,-5.87019433748971e-05,0.000906999176856492,-0.000116039059845783
"基礎錄音技術",NA,NA,0.00111960375730463,0.000774010835634954,NA,0.000187112547501004,0.000490484348372309,1.16512532773042e-05,0.000888911313070512,-5.48477352424656e-05
"音樂基礎訓練",NA,NA,0.00124761275630614,8.43949530878483e-05,NA,0.00200227769683978,0.000302871948200813,-3.32469157245093e-05,0.000753509456266403,-0.000554864367815567
"逐步口譯一",NA,NA,0.00121185497149305,0.000124909340468362,NA,0.00189071159808124,0.000325320140252265,1.59425247698701e-05,0.000752043425299128,-0.000477007256006769
"專業筆譯",NA,NA,0.00115980521699225,0.000125395922701663,NA,0.00188036546342102,0.00034647765353134,0.000101633792111314,0.000734803822836231,-0.000387443807942775
"第二外語文法五(德)",NA,NA,0.000684163668088076,-3.6235371276582e-05,NA,0.00221758163647082,0.00050711178543939,0.000924708395780121,0.000534371290223163,0.000363517874502868
"第二外語會話五(德)",NA,NA,0.000689665000180121,-0.000245223367246445,NA,0.00276185874986011,0.000463727232806117,0.000965986365326493,0.000482230696048285,0.000269147513052149
"英國文學(一)",NA,NA,0.000687972282613342,-0.000180919368486499,NA,0.00259438886881726,0.000477076325924055,0.000953285451619926,0.000498273955794403,0.00029818454734467
"財務管理(一)",NA,NA,0.00215233556619451,0.00335009454414353,NA,0.00196681217666743,0.107287545449798,0.00191462596209851,0.000329930818046242,0.0034529940081861
"貨幣銀行學",NA,NA,0.000683740488696383,-2.01593715865872e-05,NA,0.0021757141662101,0.000510449058718879,0.000921533167353476,0.000538382105159692,0.000370777133075988
"明日之星企業領袖營",NA,NA,0.00100700842251601,1.4152439341771e-05,NA,0.00192883614244058,0.000520632445040144,0.00036560542901388,0.000788263174292234,0.000720910871027746
"高等微積分(三)",NA,NA,0.000988397764185428,4.45075040536594e-05,NA,0.00185843588745451,0.000526765801544518,0.000389783005979124,0.000782577112536781,0.000716231156740257
"分科教材教法",NA,NA,0.000374864977480129,0.00143387795074213,NA,0.000438110493454596,-0.00177492732355493,-8.6773580380177e-05,0.000878669501983638,-0.00127801455430458
"弦的宇宙樂章",NA,NA,0.000895819997674051,0.00320231579842455,NA,0.119597303224062,-4.98724564368305e-05,-0.00133945369621923,0.0010828647373449,1.58445213134773e-05
"美食的真相",NA,NA,0.000395317010252584,0.00288622932868122,NA,-0.00266585708233299,-0.00184469824873501,0.000609203174457298,0.000586482832297893,0.000684394741736855
"科學統計",NA,NA,0.00042669372641889,0.00261960694803949,NA,-0.00228500552095057,-0.00155999045768268,0.000631781813000259,0.000597780995291577,0.000678802250847009
"科學日文(一)",NA,NA,0.00171611502726949,0.00247505053459406,NA,-0.00736866953111341,0.0105964944348288,0.00136591528547297,0.00101696179256121,-0.00687391965363284
"化學數學",NA,NA,0.0011621141870284,-0.00272094405349543,NA,-0.0114520191593618,0.000703418696271519,0.000820912204994124,0.000758361213228983,0.00322173203338819
"專題研究(C)",NA,NA,-0.000444659421408732,0.000919659052312226,NA,0.0129556471497951,-0.00907894737493732,-0.00214387002657071,0.000734400201535274,-0.0112529720431062
"有機分析",NA,NA,0.00202459075496333,0.000215017761767908,NA,-0.00389851110104772,-0.00470024348166902,0.00165585114786368,9.77688540505508e-05,0.0165664368287689
"專題研究(E)",NA,NA,0.00109482908014406,0.00621635001215672,NA,0.00706930101918028,0.0100708232596526,0.00132323687341204,0.000916559236044038,-0.00954978012352823
"社會心理學",NA,NA,0.00126441805399989,0.00250686974779958,NA,0.00101346217600615,0.000424561714741494,0.000456508766176645,0.000598207363768537,0.00313319462459653
"危機處理",NA,NA,0.000517375473412199,0.00232708936387613,NA,-0.00077227647900213,6.74663304599587e-05,0.001879224141591,0.0008175150713198,-0.000591042141978675
"學校輔導方案設計評估",NA,NA,0.000534760488406205,0.00236320151433592,NA,-0.000793966796413297,0.000143216172771892,0.00196276329114131,0.000819537793311606,-0.000566863851701683
"個案評估與診斷",NA,NA,0.000492788059347513,0.00243027814675417,NA,-0.000861212448481655,-3.27640345122421e-05,0.00189486993000516,0.000825833508043386,-0.000700873719768103
"輔導實務(一)",NA,NA,0.000500983864035745,0.00239588188579482,NA,-0.000831567125321862,6.460871451646e-07,0.00188965466720044,0.000823060695802187,-0.000664263193838273
"學習評量",NA,NA,0.00111704871418444,0.000961707478905079,NA,0.000504093802107959,0.00256353973235674,0.00249620681998209,0.000698068781874808,0.00152317429427009
"課程發展與設計",NA,NA,0.00109795278766168,0.000944895016700526,NA,0.000510198385069038,0.00248135759623179,0.00242426769273949,0.000697503167767065,0.00148541113583289
"知覺心理學",NA,NA,0.00159641040092658,0.00100675726559819,NA,0.00221734483325196,0.000773600360986954,-0.000418175096604722,0.000552531097750043,0.00495405625688455
"品格與領導",NA,NA,0.001654465220861,0.00372442258184267,NA,-0.00239716379316257,-0.00216807148039214,-0.00140844382353415,0.000820425562132153,0.0106016280183025
"兒童偏差行為",NA,NA,0.00085942115738012,-0.000851563577256605,NA,-0.000721117403264011,-0.00149441271180052,-0.000150588355260759,0.000846328476387621,0.00545748269701954
"情緒與語言：理論應用",NA,NA,0.000788980387382871,-0.00107712128902411,NA,-0.000503637739345726,-0.00129438906795677,7.5602985474708e-06,0.0008366392826884,0.00474563355792617
"健康心理學",NA,NA,0.00141295400944185,0.00295108185578276,NA,-0.00165151923115687,-0.00148227613007078,-0.000866219867620249,0.000787205469449099,0.00816100239855383
"運動經絡按摩",NA,NA,0.000827053256125032,-0.0048621513398659,NA,-0.00103767676927554,0.00108821683178194,0.00303849181572756,0.00123145285677363,0.000915032207169526
"字詞分析的心理學應用",NA,NA,-0.000333709938022186,-0.00373283570019001,NA,0.00572382732014697,0.00397399881230426,0.000138035191615337,-1.89020708054936e-06,-0.00646399086185154
"臨床心理學概論",NA,NA,-0.000731301005222145,-0.00259030773342971,NA,0.000693285308978867,-0.00169708051402689,0.00126631868515344,0.00086370349532865,-0.00603767711107431
"心理會談技巧",NA,NA,0.000747838991447413,-0.00281816578511758,NA,0.00169630233360333,0.000585037171221172,0.00327068368549196,0.00109429750106255,-0.00224940192610863
"戶外探索設計與實施",NA,NA,9.762384286701e-05,0.00189511301505905,NA,-0.00058969230476726,-0.00174178931688129,0.000243778493520053,0.000800558833770481,-0.00139051781272619
"變態心理學",NA,NA,9.11389497075643e-05,0.00191020958776316,NA,-0.000603751893477046,-0.00176876714472563,0.000237393734017096,0.000801874538127615,-0.00141354347049575
"現代精神醫學與心理學",NA,NA,0.000431842780594887,0.000976525463463134,NA,0.00416763602118851,0.00352895191645796,-0.000930216199743559,-3.18684232549379e-05,-0.00197812408682541
"英語聽講(一)",NA,NA,0.00179322504345909,-0.00130821963215206,NA,0.00460450028865692,0.0329807879187312,0.00136668048062345,0.00127631028571903,-0.00549761312080411
"食品安全評估",NA,NA,0.00152423740086881,0.00289471463869695,NA,0.00248219359350678,0.274478002406345,-0.000306834599086485,0.000987854353085284,-0.000306774579824266
"哲學與人生",NA,NA,-5.72691215144783e-05,-0.00140924068633565,NA,0.00580541124539773,0.0217470224222644,0.000666899123629273,0.00170996261670284,-0.00984775926766112
"普通生物學(一)",NA,NA,0.00217081474650788,0.00212670254415674,NA,0.000487928482367762,0.0783799245480613,0.00109536359845994,0.000196845085679789,0.00390110956299263
"生技產業實務",NA,NA,-0.00110762694598879,0.00356639270812761,NA,-0.000608602532759188,0.240173606258172,0.00319212811199531,0.000587879621286747,0.000388562524664994
"現代小說欣賞",NA,NA,0.0019159914574955,0.0010278415604816,NA,0.00292379427862778,0.136954643639037,0.00568273929931468,0.000365722381856039,-0.00240652748734747
"人生管理講座",NA,NA,-0.00268716578632032,0.00344596707243466,NA,-0.00323878048323121,0.122554926480667,-0.00179963661665097,0.000921942501017776,0.00365972603197084
"聖經中的人際觀",NA,NA,-0.000505114868803215,0.00100783234929134,NA,-0.00148647118960929,-0.00556116258092703,0.00271890967266483,0.000407301895123057,-0.0177596650495477
"物理化學(二)",NA,NA,-9.73713442158152e-06,-0.00132473466373999,NA,0.00150644967252598,0.000796564321791112,0.00414657171738225,0.00104209395124766,-0.000381704168976869
"國術(男.女)一",NA,NA,-0.000306601264571519,0.00653476017854452,NA,3.15301784529067e-05,-0.000311451427933897,0.00626656391993049,0.00178403375888831,0.0019790376532893
"壓力管理",NA,NA,-0.00119550487279587,-0.000987428462423168,NA,0.00656813103602969,-0.00960094038385871,0.0837758420409078,0.00225164420345856,-0.00703760807360341
"水土保持學",NA,NA,-0.00143961142642806,0.00258459141494365,NA,0.000990020263047742,-0.00456116876498866,0.000918749748364218,0.000455205748244387,-0.000569123284757409
"嵌入式系統實驗(一)",NA,NA,-0.00232888421420686,0.00343592537653477,NA,0.00113449927174384,-0.00675214632837983,0.000966469049954031,0.000358355439546527,-0.00107742501296558
"水文學",NA,NA,0.00205812369063265,-0.00178990540587418,NA,0.00319066890445347,0.00361112009258954,0.00011897449915523,0.000856798023597631,0.00260028331754631
"施工學",NA,NA,0.00130017277785072,0.00255326156314761,NA,0.00607118787571011,0.0041476053510549,0.00444496551487084,0.000596889224044263,0.000902039003753381
"古典電影配樂賞析",NA,NA,0.0037870325354279,0.00124747053503832,NA,-0.00420626351091194,0.00689325885495113,-0.00121549641436625,8.00160168874061e-05,0.0137175504727683
"工程實習",NA,NA,0.00145734395571987,-0.00470638970946826,NA,-0.00340005227854877,-0.000457399511082992,-0.00466909882393394,0.000996174741337826,0.00255774262229775
"工程統計學(一)",NA,NA,0.0033707297633322,-0.00225189074348952,NA,-0.00240673447691066,0.00771720646419443,0.00200981993101906,0.000823758534194524,4.40482297515291e-05
"流體力學實驗A",NA,NA,0.00397127094609501,-0.00287822526806456,NA,-0.00308546469437837,0.00929163911547762,0.00227741606462752,0.000854643352828195,-8.74388460804206e-05
"工程地質學",NA,NA,-0.000840421952883544,0.000200955119724546,NA,0.000728545516715562,-0.00385193929401285,0.000951094446537604,0.000866980699145228,-0.00428535361404365
"土壤力學",NA,NA,-1.13709057095069e-05,-0.00168749955668586,NA,0.00101612106482244,-0.00289523779109587,0.000517815073481109,0.000522487893135606,6.41624242508389e-07
"水資源工程學",NA,NA,-1.13709057095069e-05,-0.00168749955668586,NA,0.00101612106482244,-0.00289523779109587,0.000517815073481109,0.000522487893135606,6.41624242508389e-07
"工程英文",NA,NA,-0.000184156860430561,0.00351795583815073,NA,0.000191398056546359,0.000376924728017783,0.00142188338264684,0.00115707196949955,-0.00453555706937093
"橋梁工程與設計",NA,NA,-0.000172940395939363,0.00347912240103162,NA,0.000197400075561445,0.000380284396509915,0.00141377488195123,0.00115085756003696,-0.00446751368594504
"熱力學(一)",NA,NA,0.000211262994965929,0.000579093356885207,NA,-0.00381589871081534,-0.00407768377415221,0.299938113253795,0.000430492749730672,-0.0136914852768271
"工程圖學",NA,NA,0.0036348719802302,0.0015165272511375,NA,-0.00174102466281122,0.000498202736802988,0.0481275379922915,0.00149119810428733,0.0072229769551965
"聖經生命美學",NA,NA,0.00422818748809635,0.0017065097779454,NA,-0.00221873989571229,0.000471391377479564,0.0575919181247937,0.0016524823550762,0.00854042433203673
"機械製造",NA,NA,9.43091254193376e-05,0.00446619010221326,NA,-0.000855659638228023,0.0123035460544317,0.185140185485154,-0.000165667707976584,0.00804547126042299
"認識新聞",NA,NA,-0.00209240837991824,-0.00918902471589065,NA,0.00436439657501904,0.0146413471041395,0.0987609495236797,0.0204238715602788,0.00211865893261207
"電路板智慧製造講座一",NA,NA,-0.000552435183116753,-0.00110585241165844,NA,0.00468450354527318,0.00533216135938206,0.107166611013917,0.000596121050654086,0.00584740210382271
"電路板智慧製造講座二",NA,NA,-0.000552435183116753,-0.00110585241165844,NA,0.00468450354527318,0.00533216135938206,0.107166611013917,0.000596121050654086,0.00584740210382271
"世界文學與藝術歌曲",NA,NA,-0.00199493347523236,-0.000368965266968228,NA,-0.00336910956807655,-0.0104306535213936,0.105356934764417,0.000107962529412206,-0.00803048127735959
"劇讀人聲",NA,NA,-0.0017162235770325,-0.000271055744217109,NA,-0.00294876131658894,-0.00927290680635498,0.0944155199166064,0.000168326818811939,-0.00712355113625269
"工業工程專題(一)",NA,NA,0.000926018656119225,0.000114617007840089,NA,-0.000759323501894277,3.32060808163581e-05,0.00204868573953413,0.00101429355511047,0.00446604909925511
"人力資源管理",NA,NA,0.000921222348295057,6.32071305966201e-05,NA,-0.000818013114074922,-3.81477632769126e-05,0.00209118576278475,0.001020498677483,0.00448568638125759
"設施規劃",NA,NA,0.000836095902838171,0.000549421414244963,NA,0.000124682084943513,0.000624378289932553,0.00131095464438647,0.000842173551847888,0.00270846499750023
"設施規劃實驗",NA,NA,0.000854236601426146,0.000547562689612199,NA,6.81556615110234e-05,0.000623526263609609,0.00136558354326274,0.000859189411470042,0.00293254336793318
"全球原住民族文化",NA,NA,0.000865574538043621,0.000546400986716725,NA,3.28266468657108e-05,0.000622993747157742,0.00139972660506041,0.000869824323733886,0.00307259234945379
"方法時間衡量",NA,NA,0.000831560728191181,0.000549886095403155,NA,0.000138813690801622,0.00062459129651331,0.00129729741966741,0.00083791958694235,0.00265244540489198
"超級英雄的物理學",NA,NA,0.00418370528538112,0.00583000861097383,NA,-0.00546502986951143,-0.00104036680305687,0.00223255441369098,0.000622768819576134,-0.00296363137299404
"生物力學",NA,NA,0.00388360923768146,0.00538069448954541,NA,-0.00494322414270121,-0.00089758162799175,0.00211074441872305,0.000628062188056237,-0.00265636795704372
"電路學",NA,NA,0.000705183280052925,-0.000844075341859301,NA,0.00211341807833424,0.000169805808886542,0.00190796756171395,0.000461310967778105,-0.00219563836490225
"醫工英文(一)",NA,NA,0.000710772498106477,-0.00105781624473163,NA,0.00233551907479489,9.97370627451016e-05,0.00207498729382503,0.00042745250072282,-0.00262463509761401
"馬華文學",NA,NA,0.000716920637965395,-0.0012929312378912,NA,0.00257983017090162,2.26614419895433e-05,0.0022587089991472,0.000390208186962002,-0.00309653150359694
"微處理機",NA,NA,0.000718038481576094,-0.00133567941846566,NA,0.00262425037019372,8.64769276124862e-06,0.0022921129455694,0.000383436493550945,-0.00318233085013929
"醫學影像處理",NA,NA,0.000102274175353809,0.000688886214191027,NA,0.00770749207061881,-0.00356167941443877,0.00179902020134072,0.00107300978086041,0.0145606335733245
"健康照護科技專題(一)",NA,NA,-0.00159916364557684,-0.00741051593142842,NA,0.00643328434956198,0.00733632717507541,-0.00680904257575542,0.000777090789001752,0.00184084302850508
"固態物理(一)",NA,NA,0.00143262880299943,0.00736693013045481,NA,0.00190677613811516,0.000546818101589675,-0.00123108692630866,0.00104125264211451,-0.00633851771692154
"智慧電子應用設計導論",NA,NA,0.0015421507758791,-0.00233774943279437,NA,-0.0027719630483515,-0.00303056212227925,0.00351131656949434,0.000194259014298646,0.0011084006420975
"Android應用程式設計",NA,NA,0.00152294514214328,-0.00227391725587366,NA,-0.00269680888241646,-0.00295006054742872,0.00345185109169842,0.000205039626079844,0.00109801249767768
"影像處理",NA,NA,0.000997244533454952,-0.00119484434670659,NA,0.0079013850096403,-0.00532459947192071,0.0030818602372451,0.0133276114120795,-0.0012213217162036
".NET物件導向程式設計",NA,NA,0.000286140492943148,0.0126271909168815,NA,0.00164356442632019,0.0027582098329406,0.00530289790974371,0.0161249204349139,0.00825597684040322
"基因與疾病",NA,NA,-0.000286602293400692,0.0525976447803223,NA,-0.00070530093226636,0.00468732927895392,0.000105881490343874,0.00692532920558536,-0.0146228969931002
"國防軍訓-國防科技",NA,NA,-0.000123732403472238,-0.00341019626984411,NA,0.00467655087460703,0.00477974716720809,0.00340064993198492,0.0134530698829316,-0.000993920797265072
"電子學(一)",NA,NA,0.000494761462488489,0.00347139725510984,NA,0.00128262009245097,0.00297403653813748,-0.000659190035241714,0.000786740439861437,0.000850218275370522
"建築專業實習(一)",NA,NA,0.000712491074431812,0.000392357022982068,NA,-0.000302328950962714,0.000843182170715806,-0.00169766898065568,0.000607862269441058,-0.00169261404778823
"建築工藝實作研習",NA,NA,0.000714477439983831,0.000384525220999327,NA,-0.000345020207261886,0.000852661839807765,-0.00181017712943936,0.000604405434344339,-0.00179725917672228
"閩南傳統建築",NA,NA,0.000714477439983831,0.000384525220999327,NA,-0.000345020207261886,0.000852661839807765,-0.00181017712943936,0.000604405434344339,-0.00179725917672228
"建材與構造",NA,NA,0.000702062655283734,0.00043347398339146,NA,-7.81998553920279e-05,0.000793413907983082,-0.00110700119954143,0.000626010653698818,-0.00114322712088424
"中國美術史一",NA,NA,-0.00174053552879399,0.00623506893458655,NA,-0.00407882868720059,-0.0010045825691686,0.00269438321434203,0.00069835149560669,-0.00296790815378116
"地理設計(一)",NA,NA,0.0805899108190358,-0.00364584160245615,NA,0.00571602785062705,-0.00144768848738916,-0.0018179701571192,0.000692084822411382,0.0121856845696216
"氣排球",NA,NA,0.00141719998218702,-0.00111393950755164,NA,0.00267749761004434,-0.0024830250755814,-0.000104532103328751,0.000122627988990866,0.0114383793095621
"網路行銷",NA,NA,0.000625806559875147,0.0245367443790793,NA,-0.00012134418298058,2.47731880107027e-05,0.000216871224726486,-0.000384023510658107,-0.00580730585936691
"投資實務操作",NA,NA,0.000533147474434751,0.0118411183650523,NA,-0.0010913825101231,-0.000871672536063792,0.000459270566011699,0.00115591066271215,0.00146052977161048
"實用英文一",NA,NA,0.00560267152229725,0.0560030143452129,NA,-0.00660378908263391,-0.0103047731310899,-0.00227217775026799,0.000605518002428849,0.0171941727896031
"知識管理",NA,NA,0.00494130584885152,0.0553851875068701,NA,-0.00270535346592177,-0.00497215134266645,-0.000441202070410318,0.00110229171215773,0.00557341064886422
"網路程式設計",NA,NA,0.000509763300951865,0.000685775925426126,NA,0.000898068953449183,0.00211555961797856,0.000617921014398999,0.000701569184975363,-0.00121061355749564
"R程式設計",NA,NA,0.000507898228717181,0.00068717782317116,NA,0.000901016217587481,0.00213301020720867,0.000615712587159201,0.00070176674185339,-0.00123233536488964
"大陸台商升級轉型實務",NA,NA,0.00261182035970634,0.0602803077254188,NA,0.000647131184512377,-0.000273640494550874,0.00149889044534306,0.000619042206608667,0.000321677711175616
"團隊管理",NA,NA,0.00261182035970634,0.0602803077254188,NA,0.000647131184512377,-0.000273640494550874,0.00149889044534306,0.000619042206608667,0.000321677711175616
"食品科學概論",NA,NA,-0.000620518891922447,0.0457737438258826,NA,0.000876515222147873,0.000492542126387738,-0.000118265818854164,-1.3576700856907e-05,-0.00510703652941398
"ISO 9000國際標準認證",NA,NA,0.00225765051130556,0.00178420287939234,NA,-0.000308694115273279,-0.000800976069870375,0.000881644133648878,0.00101954020371303,0.00442862356759852
"市場研究",NA,NA,0.00236853581854318,0.00186915089769195,NA,-0.000375408925759366,-0.000900969251495287,0.000886946933918731,0.00104289578650628,0.0046932433464313
"廣告學",NA,NA,0.00231309316492437,0.00182667688854214,NA,-0.000342051520516335,-0.000850972660682837,0.000884295533783816,0.00103121799510965,0.00456093345701492
"生涯規劃專題",NA,NA,-0.000680889419774044,0.0020238345773008,NA,0.00449042567681172,-0.000407439191539637,0.000460600157049953,9.99427611208832e-05,0.0022824055839861
"全方位領導",NA,NA,-0.000680889419774044,0.0020238345773008,NA,0.00449042567681172,-0.000407439191539637,0.000460600157049953,9.99427611208832e-05,0.0022824055839861
"中國大陸貿易實務",NA,NA,0.00317135733444409,0.00402609261373414,NA,-0.000611651639515496,-0.000595873675073979,0.000551484200709583,0.000926018882149757,-0.000162133198115008
"法學緒論",NA,NA,0.000770138450183167,0.00534343891470898,NA,0.0053897054661584,0.00290720350136789,0.00575212984270481,0.00051843923313866,0.04733086219458
"稅務會計(一)",NA,NA,0.000367845708178217,-0.00791925867863972,NA,-0.00177315960696641,-0.00212257488277165,-0.00260152067110656,0.000823337676878509,0.129358958614431
"體育特別班體控組",NA,NA,0.0011689747718338,0.0055099017653892,NA,-0.00180002210483866,-0.00447107241686856,3.55583549019347e-06,-0.000183875445566303,0.0044545024341289
"法語(一)",NA,NA,0.00110573094055791,0.00488548654665769,NA,-0.00149085491243455,-0.00382644101262159,0.000104871392663757,-7.41509450303925e-05,0.0039721324514173
"Hadoop實務演練",NA,NA,0.000789048539021583,-0.00281941396830371,NA,0.00186759379803986,0.000865033898587222,0.00011021749372583,0.000744515059839112,-0.000968967021393348
"神經網路程式設計實務",NA,NA,0.000789048539021583,-0.00281941396830371,NA,0.00186759379803986,0.000865033898587222,0.00011021749372583,0.000744515059839112,-0.000968967021393348
"資訊安全管理",NA,NA,0.000779877341695867,-0.00256224724029851,NA,0.00177493235781106,0.000847354832878332,0.000163034190135073,0.000739977980636881,-0.000847090533363823
"刑法總則",NA,NA,0.00257036051691563,0.00732653963767939,NA,0.00396254543419291,0.00273191358140901,0.000926058241573347,0.000777328040026723,-0.000957441395153683
"性別平等與現代社會",NA,NA,0.00297571886098464,0.00876717939616397,NA,0.00466901955095498,0.00317938083753782,0.000951721714578314,0.000797052064057682,-0.0012969718715461
"憲法",NA,NA,-5.33988569384213e-05,0.00359170497468559,NA,-0.00124419157278853,-0.00552538993506967,0.00150913420086725,0.000838424612988261,0.00638075128848246
"法律服務(一)",NA,NA,-0.000725722715426371,-0.00594784217264749,NA,-0.00183050390713447,0.0136422778616207,0.00081842979982669,-0.00024840343707245,-0.0123124979250863
"職涯列車講座",NA,NA,-0.000377675777053389,-0.00803194714101405,NA,-0.0104806398457526,0.00528150857907741,0.00601536527813364,-0.000214258197363621,-0.00750150333196241
"少年事件處理法",NA,NA,-0.000512256729657736,0.00429563256135889,NA,0.000536046703466901,-0.0128297714614284,0.00037762764998059,0.00127210098784366,-0.00175837923079434
"東南亞社會與文化",NA,NA,0.0011713850844311,0.00342224599578266,NA,0.00475001166917265,0.000364983704649419,0.00196645186438685,0.00066754626384128,0.000658096641681091
"企業倫理",NA,NA,0.00115532900006307,0.00333110882412252,NA,0.00461908208935949,0.000373513784291044,0.00192940459200581,0.000668096176176439,0.000657383134106019
"英語簡報技巧",NA,NA,0.00118208914067645,0.00348300411022277,NA,0.00483729805571474,0.000359296984888344,0.00199115004597421,0.000667179655617835,0.000658572313397817
"德語(二)",NA,NA,0.00116603305630842,0.00339186693856262,NA,0.0047063684759016,0.000367827064529957,0.00195410277359316,0.000667729567953004,0.000657858805822743
"教育哲學",NA,NA,0.000328336184313101,0.00180393600323676,NA,-0.000463540968786771,0.00248292317315958,0.000626519107612255,0.000957874371474967,-0.00180951923997869
"學前特教教材教法",NA,NA,0.000343116978077728,0.00175013942123072,NA,-0.000415232600505002,0.00240245953664918,0.000634306856402191,0.000946000566208362,-0.00170320361776241
"聽覺口語法理論與實務",NA,NA,0.000368983367165818,0.00165599540272017,NA,-0.000330692956011899,0.00226164817275593,0.000647935416784596,0.000925221406991797,-0.00151715127888396
"特殊教育行政與法規",NA,NA,0.000354202573401192,0.0017097919847262,NA,-0.000379001324293667,0.00234211180926637,0.000640147667994647,0.000937095212258405,-0.00162346690110022
"教育社會學",NA,NA,0.000343116978077728,0.00175013942123072,NA,-0.000415232600505002,0.00240245953664918,0.000634306856402191,0.000946000566208362,-0.00170320361776241
"桌球(男.女)二",NA,NA,0.000346584968557867,0.00101883225190833,NA,0.00152530070149503,0.00161115255110615,-0.000481384710059963,0.00056931392320184,-0.00200614581853559
"證券金融商品法規合約",NA,NA,0.000354729512161452,0.00100738370419162,NA,0.00150307920276588,0.00158637044939259,-0.000448801873608296,0.000572237035281359,-0.00193926263145885
